IF OBJECT_ID('TransportUnit', 'U') IS NOT NULL DROP TABLE TransportUnit;
IF OBJECT_ID('Link1', 'U') IS NOT NULL DROP TABLE Link1;
IF OBJECT_ID('CustomerForDeliveryStop', 'U') IS NOT NULL DROP TABLE CustomerForDeliveryStop;
IF OBJECT_ID('DeliveryStop', 'U') IS NOT NULL DROP TABLE DeliveryStop;
IF OBJECT_ID('Route', 'U') IS NOT NULL DROP TABLE Route;
IF OBJECT_ID('DefaultLink1', 'U') IS NOT NULL DROP TABLE DefaultLink1;
IF OBJECT_ID('Customer', 'U') IS NOT NULL DROP TABLE Customer;
IF OBJECT_ID('DefaultDeliveryStop', 'U') IS NOT NULL DROP TABLE DefaultDeliveryStop;
IF OBJECT_ID('DefaultRoute', 'U') IS NOT NULL DROP TABLE DefaultRoute;



create table DefaultRoute(
    id bigint IDENTITY(1001,1),
    trailer_type varchar(20) not null,
    extra_route tinyint not null,
    primary key(id)
);

create table DefaultDeliveryStop(
    id bigint IDENTITY(1001,1),
    default_route_id bigint not null,
    geo_loc_id bigint not null,
    primary key(id),
    foreign key(default_route_id) references DefaultRoute(id),
    foreign key(geo_loc_id) references GeoLoc(id),
    --foreign key(customer_id) references Customer(id)
);

create table Customer(
    id bigint not null,
    default_delivery_stop_id bigint not null,
    street_name varchar(50) not null,
    street_no varchar(50) not null,
    zip_code int not null,
    city varchar(50) not null,
    time_of_delivery time not null,
    primary key(id),
    foreign key(default_delivery_stop_id) references DefaultDeliveryStop(id),
);

create table Route(
    id bigint IDENTITY(1,1),
    default_route_id bigint not null,
    actual_of_departure time not null,
    date date not null,
    primary key(id),
    foreign key(default_route_id) references DefaultRoute(id)
);

create table DeliveryStop(
    id bigint IDENTITY(1,1),
    route_id bigint not null,
    default_delivery_stop_id bigint not null,
    customer_id bigint not null,
    primary key(id),
    foreign key(route_id) references Route(id),
    foreign key(default_delivery_stop_id) references DefaultDeliveryStop(id)
);

create table TransportUnit(
    id bigint not null,
    customer_id bigint not null,
    type decimal(14,10) not null,
    primary key(id),
    foreign key(customer_id) references Customer(id),
    --foreign key(delivery_stop_id) references DeliveryStop(id)
);

create table CustomerForDeliveryStop (
    customer_id bigint not null,
    delivery_stop_id bigint not null,
    primary key(customer_id,delivery_stop_id),
    foreign key(customer_id) references Customer(id),
    foreign key(delivery_stop_id) references DeliveryStop(id)
)




SET IDENTITY_INSERT DefaultRoute ON;
INSERT into DefaultRoute (id, trailer_type, extra_route) values(084, 'STOR', 0);
INSERT into DefaultRoute (id, trailer_type, extra_route) values(144, 'STOR', 0);
INSERT into DefaultRoute (id, trailer_type, extra_route) values(091, 'STOR', 0);
INSERT into DefaultRoute (id, trailer_type, extra_route) values(041, 'STOR', 0);
INSERT into DefaultRoute (id, trailer_type, extra_route) values(121, 'STOR', 0);
INSERT into DefaultRoute (id, trailer_type, extra_route) values(090, 'STOR', 0);
INSERT into DefaultRoute (id, trailer_type, extra_route) values(103, 'STOR', 0);
INSERT into DefaultRoute (id, trailer_type, extra_route) values(130, 'STOR', 0);
INSERT into DefaultRoute (id, trailer_type, extra_route) values(032, 'STOR', 0);
INSERT into DefaultRoute (id, trailer_type, extra_route) values(504, 'STOR', 0);
INSERT into DefaultRoute (id, trailer_type, extra_route) values(024, 'STOR', 0);
INSERT into DefaultRoute (id, trailer_type, extra_route) values(082, 'STOR', 0);
INSERT into DefaultRoute (id, trailer_type, extra_route) values(015, 'STOR', 0);
INSERT into DefaultRoute (id, trailer_type, extra_route) values(030, 'STOR', 0);
INSERT into DefaultRoute (id, trailer_type, extra_route) values(363, 'STOR', 0);
INSERT into DefaultRoute (id, trailer_type, extra_route) values(900, 'STOR', 0);
INSERT into DefaultRoute (id, trailer_type, extra_route) values(043, 'STOR', 0);
INSERT into DefaultRoute (id, trailer_type, extra_route) values(042, 'STOR', 0);
INSERT into DefaultRoute (id, trailer_type, extra_route) values(502, 'STOR', 0);
INSERT into DefaultRoute (id, trailer_type, extra_route) values(100, 'STOR', 0);
INSERT into DefaultRoute (id, trailer_type, extra_route) values(244, 'STOR', 0);
INSERT into DefaultRoute (id, trailer_type, extra_route) values(014, 'STOR', 0);
INSERT into DefaultRoute (id, trailer_type, extra_route) values(093, 'STOR', 0);
INSERT into DefaultRoute (id, trailer_type, extra_route) values(152, 'STOR', 0);
INSERT into DefaultRoute (id, trailer_type, extra_route) values(013, 'STOR', 0);
INSERT into DefaultRoute (id, trailer_type, extra_route) values(122, 'STOR', 0);
INSERT into DefaultRoute (id, trailer_type, extra_route) values(012, 'STOR', 0);
INSERT into DefaultRoute (id, trailer_type, extra_route) values(102, 'STOR', 0);
INSERT into DefaultRoute (id, trailer_type, extra_route) values(071, 'STOR', 0);
INSERT into DefaultRoute (id, trailer_type, extra_route) values(132, 'STOR', 0);
INSERT into DefaultRoute (id, trailer_type, extra_route) values(050, 'STOR', 0);
INSERT into DefaultRoute (id, trailer_type, extra_route) values(021, 'STOR', 0);
INSERT into DefaultRoute (id, trailer_type, extra_route) values(040, 'STOR', 0);
INSERT into DefaultRoute (id, trailer_type, extra_route) values(800, 'STOR', 0);
INSERT into DefaultRoute (id, trailer_type, extra_route) values(111, 'STOR', 0);
INSERT into DefaultRoute (id, trailer_type, extra_route) values(023, 'STOR', 0);
INSERT into DefaultRoute (id, trailer_type, extra_route) values(133, 'STOR', 0);
INSERT into DefaultRoute (id, trailer_type, extra_route) values(061, 'STOR', 0);
INSERT into DefaultRoute (id, trailer_type, extra_route) values(073, 'STOR', 0);
INSERT into DefaultRoute (id, trailer_type, extra_route) values(081, 'STOR', 0);
INSERT into DefaultRoute (id, trailer_type, extra_route) values(151, 'STOR', 0);
INSERT into DefaultRoute (id, trailer_type, extra_route) values(600, 'STOR', 0);
INSERT into DefaultRoute (id, trailer_type, extra_route) values(053, 'STOR', 0);
INSERT into DefaultRoute (id, trailer_type, extra_route) values(124, 'STOR', 0);
INSERT into DefaultRoute (id, trailer_type, extra_route) values(366, 'STOR', 0);
INSERT into DefaultRoute (id, trailer_type, extra_route) values(031, 'STOR', 0);
INSERT into DefaultRoute (id, trailer_type, extra_route) values(120, 'STOR', 0);
INSERT into DefaultRoute (id, trailer_type, extra_route) values(131, 'STOR', 0);
INSERT into DefaultRoute (id, trailer_type, extra_route) values(094, 'STOR', 0);
INSERT into DefaultRoute (id, trailer_type, extra_route) values(350, 'STOR', 0);
INSERT into DefaultRoute (id, trailer_type, extra_route) values(054, 'STOR', 0);
INSERT into DefaultRoute (id, trailer_type, extra_route) values(052, 'STOR', 0);
INSERT into DefaultRoute (id, trailer_type, extra_route) values(072, 'STOR', 0);
INSERT into DefaultRoute (id, trailer_type, extra_route) values(051, 'STOR', 0);
INSERT into DefaultRoute (id, trailer_type, extra_route) values(101, 'STOR', 0);
INSERT into DefaultRoute (id, trailer_type, extra_route) values(141, 'STOR', 0);
INSERT into DefaultRoute (id, trailer_type, extra_route) values(092, 'STOR', 0);
INSERT into DefaultRoute (id, trailer_type, extra_route) values(083, 'STOR', 0);
INSERT into DefaultRoute (id, trailer_type, extra_route) values(001, 'STOR', 0);
INSERT into DefaultRoute (id, trailer_type, extra_route) values(143, 'STOR', 0);
INSERT into DefaultRoute (id, trailer_type, extra_route) values(245, 'STOR', 0);
INSERT into DefaultRoute (id, trailer_type, extra_route) values(113, 'STOR', 0);
INSERT into DefaultRoute (id, trailer_type, extra_route) values(140, 'STOR', 0);
INSERT into DefaultRoute (id, trailer_type, extra_route) values(070, 'STOR', 0);
INSERT into DefaultRoute (id, trailer_type, extra_route) values(112, 'STOR', 0);
INSERT into DefaultRoute (id, trailer_type, extra_route) values(080, 'STOR', 0);
INSERT into DefaultRoute (id, trailer_type, extra_route) values(011, 'STOR', 0);
INSERT into DefaultRoute (id, trailer_type, extra_route) values(505, 'STOR', 0);
INSERT into DefaultRoute (id, trailer_type, extra_route) values(360, 'STOR', 0);
INSERT into DefaultRoute (id, trailer_type, extra_route) values(110, 'STOR', 0);
INSERT into DefaultRoute (id, trailer_type, extra_route) values(010, 'STOR', 0);
INSERT into DefaultRoute (id, trailer_type, extra_route) values(060, 'STOR', 0);
INSERT into DefaultRoute (id, trailer_type, extra_route) values(020, 'STOR', 0);
INSERT into DefaultRoute (id, trailer_type, extra_route) values(123, 'STOR', 0);
INSERT into DefaultRoute (id, trailer_type, extra_route) values(063, 'STOR', 0);
INSERT into DefaultRoute (id, trailer_type, extra_route) values(501, 'STOR', 0);
SET IDENTITY_INSERT DefaultRoute OFF;

SET IDENTITY_INSERT DefaultDeliveryStop ON;
INSERT into DefaultDeliveryStop (id, default_route_id, geo_loc_id) values(210, 073, 200);
INSERT into DefaultDeliveryStop (id, default_route_id, geo_loc_id) values(315, 102, 303);
INSERT into DefaultDeliveryStop (id, default_route_id, geo_loc_id) values(1193, 131, 1158);
INSERT into DefaultDeliveryStop (id, default_route_id, geo_loc_id) values(370, 040, 356);
INSERT into DefaultDeliveryStop (id, default_route_id, geo_loc_id) values(723, 113, 696);
INSERT into DefaultDeliveryStop (id, default_route_id, geo_loc_id) values(1287, 090, 1240);
INSERT into DefaultDeliveryStop (id, default_route_id, geo_loc_id) values(1301, 070, 1254);
INSERT into DefaultDeliveryStop (id, default_route_id, geo_loc_id) values(159, 020, 153);
INSERT into DefaultDeliveryStop (id, default_route_id, geo_loc_id) values(670, 061, 645);
INSERT into DefaultDeliveryStop (id, default_route_id, geo_loc_id) values(649, 060, 626);
INSERT into DefaultDeliveryStop (id, default_route_id, geo_loc_id) values(11, 063, 11);
INSERT into DefaultDeliveryStop (id, default_route_id, geo_loc_id) values(897, 015, 869);
INSERT into DefaultDeliveryStop (id, default_route_id, geo_loc_id) values(1168, 113, 1137);
INSERT into DefaultDeliveryStop (id, default_route_id, geo_loc_id) values(324, 063, 312);
INSERT into DefaultDeliveryStop (id, default_route_id, geo_loc_id) values(245, 121, 233);
INSERT into DefaultDeliveryStop (id, default_route_id, geo_loc_id) values(954, 360, 926);
INSERT into DefaultDeliveryStop (id, default_route_id, geo_loc_id) values(1086, 043, 1056);
INSERT into DefaultDeliveryStop (id, default_route_id, geo_loc_id) values(1076, 131, 1046);
INSERT into DefaultDeliveryStop (id, default_route_id, geo_loc_id) values(61, 030, 59);
INSERT into DefaultDeliveryStop (id, default_route_id, geo_loc_id) values(104, 083, 99);
INSERT into DefaultDeliveryStop (id, default_route_id, geo_loc_id) values(866, 061, 839);
INSERT into DefaultDeliveryStop (id, default_route_id, geo_loc_id) values(1197, 112, 1162);
INSERT into DefaultDeliveryStop (id, default_route_id, geo_loc_id) values(368, 600, 355);
INSERT into DefaultDeliveryStop (id, default_route_id, geo_loc_id) values(293, 111, 281);
INSERT into DefaultDeliveryStop (id, default_route_id, geo_loc_id) values(592, 092, 571);
INSERT into DefaultDeliveryStop (id, default_route_id, geo_loc_id) values(8, 100, 8);
INSERT into DefaultDeliveryStop (id, default_route_id, geo_loc_id) values(594, 143, 573);
INSERT into DefaultDeliveryStop (id, default_route_id, geo_loc_id) values(935, 014, 907);
INSERT into DefaultDeliveryStop (id, default_route_id, geo_loc_id) values(177, 151, 171);
INSERT into DefaultDeliveryStop (id, default_route_id, geo_loc_id) values(869, 061, 842);
INSERT into DefaultDeliveryStop (id, default_route_id, geo_loc_id) values(727, 051, 700);
INSERT into DefaultDeliveryStop (id, default_route_id, geo_loc_id) values(1156, 030, 1125);
INSERT into DefaultDeliveryStop (id, default_route_id, geo_loc_id) values(703, 043, 677);
INSERT into DefaultDeliveryStop (id, default_route_id, geo_loc_id) values(318, 123, 306);
INSERT into DefaultDeliveryStop (id, default_route_id, geo_loc_id) values(672, 151, 647);
INSERT into DefaultDeliveryStop (id, default_route_id, geo_loc_id) values(841, 014, 814);
INSERT into DefaultDeliveryStop (id, default_route_id, geo_loc_id) values(933, 014, 905);
INSERT into DefaultDeliveryStop (id, default_route_id, geo_loc_id) values(1075, 020, 1045);
INSERT into DefaultDeliveryStop (id, default_route_id, geo_loc_id) values(964, 061, 936);
INSERT into DefaultDeliveryStop (id, default_route_id, geo_loc_id) values(719, 122, 693);
INSERT into DefaultDeliveryStop (id, default_route_id, geo_loc_id) values(1063, 504, 1033);
INSERT into DefaultDeliveryStop (id, default_route_id, geo_loc_id) values(658, 031, 635);
INSERT into DefaultDeliveryStop (id, default_route_id, geo_loc_id) values(587, 141, 566);
INSERT into DefaultDeliveryStop (id, default_route_id, geo_loc_id) values(325, 505, 313);
INSERT into DefaultDeliveryStop (id, default_route_id, geo_loc_id) values(668, 021, 643);
INSERT into DefaultDeliveryStop (id, default_route_id, geo_loc_id) values(36, 021, 34);
INSERT into DefaultDeliveryStop (id, default_route_id, geo_loc_id) values(407, 043, 392);
INSERT into DefaultDeliveryStop (id, default_route_id, geo_loc_id) values(451, 061, 435);
INSERT into DefaultDeliveryStop (id, default_route_id, geo_loc_id) values(625, 024, 604);
INSERT into DefaultDeliveryStop (id, default_route_id, geo_loc_id) values(1269, 124, 1223);
INSERT into DefaultDeliveryStop (id, default_route_id, geo_loc_id) values(588, 092, 567);
INSERT into DefaultDeliveryStop (id, default_route_id, geo_loc_id) values(1217, 020, 1182);
INSERT into DefaultDeliveryStop (id, default_route_id, geo_loc_id) values(1150, 143, 1119);
INSERT into DefaultDeliveryStop (id, default_route_id, geo_loc_id) values(433, 061, 417);
INSERT into DefaultDeliveryStop (id, default_route_id, geo_loc_id) values(675, 082, 650);
INSERT into DefaultDeliveryStop (id, default_route_id, geo_loc_id) values(1267, 113, 1221);
INSERT into DefaultDeliveryStop (id, default_route_id, geo_loc_id) values(766, 012, 739);
INSERT into DefaultDeliveryStop (id, default_route_id, geo_loc_id) values(1300, 100, 1253);
INSERT into DefaultDeliveryStop (id, default_route_id, geo_loc_id) values(928, 014, 900);
INSERT into DefaultDeliveryStop (id, default_route_id, geo_loc_id) values(906, 015, 878);
INSERT into DefaultDeliveryStop (id, default_route_id, geo_loc_id) values(554, 092, 533);
INSERT into DefaultDeliveryStop (id, default_route_id, geo_loc_id) values(1119, 100, 1089);
INSERT into DefaultDeliveryStop (id, default_route_id, geo_loc_id) values(1314, 080, 1267);
INSERT into DefaultDeliveryStop (id, default_route_id, geo_loc_id) values(1027, 122, 997);
INSERT into DefaultDeliveryStop (id, default_route_id, geo_loc_id) values(473, 021, 456);
INSERT into DefaultDeliveryStop (id, default_route_id, geo_loc_id) values(1188, 112, 42);
INSERT into DefaultDeliveryStop (id, default_route_id, geo_loc_id) values(618, 144, 597);
INSERT into DefaultDeliveryStop (id, default_route_id, geo_loc_id) values(1303, 143, 1256);
INSERT into DefaultDeliveryStop (id, default_route_id, geo_loc_id) values(519, 031, 499);
INSERT into DefaultDeliveryStop (id, default_route_id, geo_loc_id) values(967, 113, 939);
INSERT into DefaultDeliveryStop (id, default_route_id, geo_loc_id) values(1227, 102, 1192);
INSERT into DefaultDeliveryStop (id, default_route_id, geo_loc_id) values(138, 080, 132);
INSERT into DefaultDeliveryStop (id, default_route_id, geo_loc_id) values(1136, 023, 1105);
INSERT into DefaultDeliveryStop (id, default_route_id, geo_loc_id) values(1203, 031, 1168);
INSERT into DefaultDeliveryStop (id, default_route_id, geo_loc_id) values(780, 012, 753);
INSERT into DefaultDeliveryStop (id, default_route_id, geo_loc_id) values(833, 010, 806);
INSERT into DefaultDeliveryStop (id, default_route_id, geo_loc_id) values(111, 071, 106);
INSERT into DefaultDeliveryStop (id, default_route_id, geo_loc_id) values(191, 024, 183);
INSERT into DefaultDeliveryStop (id, default_route_id, geo_loc_id) values(662, 043, 638);
INSERT into DefaultDeliveryStop (id, default_route_id, geo_loc_id) values(557, 050, 536);
INSERT into DefaultDeliveryStop (id, default_route_id, geo_loc_id) values(1288, 070, 1241);
INSERT into DefaultDeliveryStop (id, default_route_id, geo_loc_id) values(1139, 083, 1108);
INSERT into DefaultDeliveryStop (id, default_route_id, geo_loc_id) values(895, 013, 867);
INSERT into DefaultDeliveryStop (id, default_route_id, geo_loc_id) values(1014, 041, 984);
INSERT into DefaultDeliveryStop (id, default_route_id, geo_loc_id) values(1125, 140, 390);
INSERT into DefaultDeliveryStop (id, default_route_id, geo_loc_id) values(1213, 001, 1178);
INSERT into DefaultDeliveryStop (id, default_route_id, geo_loc_id) values(70, 093, 68);
INSERT into DefaultDeliveryStop (id, default_route_id, geo_loc_id) values(1223, 131, 1188);
INSERT into DefaultDeliveryStop (id, default_route_id, geo_loc_id) values(1243, 071, 1205);
INSERT into DefaultDeliveryStop (id, default_route_id, geo_loc_id) values(528, 113, 508);
INSERT into DefaultDeliveryStop (id, default_route_id, geo_loc_id) values(141, 143, 135);
INSERT into DefaultDeliveryStop (id, default_route_id, geo_loc_id) values(412, 083, 397);
INSERT into DefaultDeliveryStop (id, default_route_id, geo_loc_id) values(720, 123, 694);
INSERT into DefaultDeliveryStop (id, default_route_id, geo_loc_id) values(243, 151, 231);
INSERT into DefaultDeliveryStop (id, default_route_id, geo_loc_id) values(539, 124, 519);
INSERT into DefaultDeliveryStop (id, default_route_id, geo_loc_id) values(1279, 140, 1233);
INSERT into DefaultDeliveryStop (id, default_route_id, geo_loc_id) values(1146, 042, 1115);
INSERT into DefaultDeliveryStop (id, default_route_id, geo_loc_id) values(107, 120, 102);
INSERT into DefaultDeliveryStop (id, default_route_id, geo_loc_id) values(12, 102, 12);
INSERT into DefaultDeliveryStop (id, default_route_id, geo_loc_id) values(1237, 141, 1199);
INSERT into DefaultDeliveryStop (id, default_route_id, geo_loc_id) values(415, 043, 400);
INSERT into DefaultDeliveryStop (id, default_route_id, geo_loc_id) values(486, 061, 469);
INSERT into DefaultDeliveryStop (id, default_route_id, geo_loc_id) values(596, 143, 575);
INSERT into DefaultDeliveryStop (id, default_route_id, geo_loc_id) values(600, 050, 579);
INSERT into DefaultDeliveryStop (id, default_route_id, geo_loc_id) values(910, 015, 882);
INSERT into DefaultDeliveryStop (id, default_route_id, geo_loc_id) values(1278, 020, 1232);
INSERT into DefaultDeliveryStop (id, default_route_id, geo_loc_id) values(234, 061, 223);
INSERT into DefaultDeliveryStop (id, default_route_id, geo_loc_id) values(735, 013, 708);
INSERT into DefaultDeliveryStop (id, default_route_id, geo_loc_id) values(251, 060, 239);
INSERT into DefaultDeliveryStop (id, default_route_id, geo_loc_id) values(808, 010, 781);
INSERT into DefaultDeliveryStop (id, default_route_id, geo_loc_id) values(1079, 151, 1049);
INSERT into DefaultDeliveryStop (id, default_route_id, geo_loc_id) values(942, 014, 914);
INSERT into DefaultDeliveryStop (id, default_route_id, geo_loc_id) values(770, 012, 743);
INSERT into DefaultDeliveryStop (id, default_route_id, geo_loc_id) values(1096, 101, 1066);
INSERT into DefaultDeliveryStop (id, default_route_id, geo_loc_id) values(573, 061, 552);
INSERT into DefaultDeliveryStop (id, default_route_id, geo_loc_id) values(319, 060, 307);
INSERT into DefaultDeliveryStop (id, default_route_id, geo_loc_id) values(925, 015, 897);
INSERT into DefaultDeliveryStop (id, default_route_id, geo_loc_id) values(1297, 113, 1250);
INSERT into DefaultDeliveryStop (id, default_route_id, geo_loc_id) values(624, 021, 603);
INSERT into DefaultDeliveryStop (id, default_route_id, geo_loc_id) values(1066, 070, 1036);
INSERT into DefaultDeliveryStop (id, default_route_id, geo_loc_id) values(281, 040, 269);
INSERT into DefaultDeliveryStop (id, default_route_id, geo_loc_id) values(987, 102, 957);
INSERT into DefaultDeliveryStop (id, default_route_id, geo_loc_id) values(893, 013, 131);
INSERT into DefaultDeliveryStop (id, default_route_id, geo_loc_id) values(99, 023, 94);
INSERT into DefaultDeliveryStop (id, default_route_id, geo_loc_id) values(1251, 051, 1212);
INSERT into DefaultDeliveryStop (id, default_route_id, geo_loc_id) values(1214, 073, 1179);
INSERT into DefaultDeliveryStop (id, default_route_id, geo_loc_id) values(1261, 600, 1104);
INSERT into DefaultDeliveryStop (id, default_route_id, geo_loc_id) values(581, 094, 560);
INSERT into DefaultDeliveryStop (id, default_route_id, geo_loc_id) values(769, 012, 742);
INSERT into DefaultDeliveryStop (id, default_route_id, geo_loc_id) values(742, 011, 715);
INSERT into DefaultDeliveryStop (id, default_route_id, geo_loc_id) values(621, 800, 600);
INSERT into DefaultDeliveryStop (id, default_route_id, geo_loc_id) values(610, 122, 589);
INSERT into DefaultDeliveryStop (id, default_route_id, geo_loc_id) values(630, 132, 609);
INSERT into DefaultDeliveryStop (id, default_route_id, geo_loc_id) values(1040, 050, 1010);
INSERT into DefaultDeliveryStop (id, default_route_id, geo_loc_id) values(203, 001, 195);
INSERT into DefaultDeliveryStop (id, default_route_id, geo_loc_id) values(512, 110, 492);
INSERT into DefaultDeliveryStop (id, default_route_id, geo_loc_id) values(275, 080, 263);
INSERT into DefaultDeliveryStop (id, default_route_id, geo_loc_id) values(822, 010, 795);
INSERT into DefaultDeliveryStop (id, default_route_id, geo_loc_id) values(1134, 010, 1103);
INSERT into DefaultDeliveryStop (id, default_route_id, geo_loc_id) values(308, 050, 296);
INSERT into DefaultDeliveryStop (id, default_route_id, geo_loc_id) values(464, 082, 448);
INSERT into DefaultDeliveryStop (id, default_route_id, geo_loc_id) values(816, 012, 789);
INSERT into DefaultDeliveryStop (id, default_route_id, geo_loc_id) values(1013, 120, 983);
INSERT into DefaultDeliveryStop (id, default_route_id, geo_loc_id) values(995, 043, 965);
INSERT into DefaultDeliveryStop (id, default_route_id, geo_loc_id) values(429, 061, 413);
INSERT into DefaultDeliveryStop (id, default_route_id, geo_loc_id) values(1093, 113, 1063);
INSERT into DefaultDeliveryStop (id, default_route_id, geo_loc_id) values(607, 061, 586);
INSERT into DefaultDeliveryStop (id, default_route_id, geo_loc_id) values(330, 094, 318);
INSERT into DefaultDeliveryStop (id, default_route_id, geo_loc_id) values(362, 124, 350);
INSERT into DefaultDeliveryStop (id, default_route_id, geo_loc_id) values(1335, 081, 1019);
INSERT into DefaultDeliveryStop (id, default_route_id, geo_loc_id) values(707, 021, 681);
INSERT into DefaultDeliveryStop (id, default_route_id, geo_loc_id) values(923, 015, 895);
INSERT into DefaultDeliveryStop (id, default_route_id, geo_loc_id) values(1107, 050, 1077);
INSERT into DefaultDeliveryStop (id, default_route_id, geo_loc_id) values(840, 010, 813);
INSERT into DefaultDeliveryStop (id, default_route_id, geo_loc_id) values(1153, 060, 1122);
INSERT into DefaultDeliveryStop (id, default_route_id, geo_loc_id) values(192, 123, 184);
INSERT into DefaultDeliveryStop (id, default_route_id, geo_loc_id) values(639, 043, 618);
INSERT into DefaultDeliveryStop (id, default_route_id, geo_loc_id) values(307, 143, 295);
INSERT into DefaultDeliveryStop (id, default_route_id, geo_loc_id) values(945, 800, 917);
INSERT into DefaultDeliveryStop (id, default_route_id, geo_loc_id) values(1268, 133, 1222);
INSERT into DefaultDeliveryStop (id, default_route_id, geo_loc_id) values(814, 010, 787);
INSERT into DefaultDeliveryStop (id, default_route_id, geo_loc_id) values(699, 094, 673);
INSERT into DefaultDeliveryStop (id, default_route_id, geo_loc_id) values(550, 151, 530);
INSERT into DefaultDeliveryStop (id, default_route_id, geo_loc_id) values(817, 014, 790);
INSERT into DefaultDeliveryStop (id, default_route_id, geo_loc_id) values(1117, 121, 1087);
INSERT into DefaultDeliveryStop (id, default_route_id, geo_loc_id) values(901, 015, 873);
INSERT into DefaultDeliveryStop (id, default_route_id, geo_loc_id) values(1325, 122, 946);
INSERT into DefaultDeliveryStop (id, default_route_id, geo_loc_id) values(393, 113, 378);
INSERT into DefaultDeliveryStop (id, default_route_id, geo_loc_id) values(423, 102, 407);
INSERT into DefaultDeliveryStop (id, default_route_id, geo_loc_id) values(881, 061, 854);
INSERT into DefaultDeliveryStop (id, default_route_id, geo_loc_id) values(132, 120, 126);
INSERT into DefaultDeliveryStop (id, default_route_id, geo_loc_id) values(632, 504, 611);
INSERT into DefaultDeliveryStop (id, default_route_id, geo_loc_id) values(271, 103, 259);
INSERT into DefaultDeliveryStop (id, default_route_id, geo_loc_id) values(750, 013, 723);
INSERT into DefaultDeliveryStop (id, default_route_id, geo_loc_id) values(1190, 001, 1156);
INSERT into DefaultDeliveryStop (id, default_route_id, geo_loc_id) values(842, 061, 815);
INSERT into DefaultDeliveryStop (id, default_route_id, geo_loc_id) values(1343, 121, 1289);
INSERT into DefaultDeliveryStop (id, default_route_id, geo_loc_id) values(19, 123, 19);
INSERT into DefaultDeliveryStop (id, default_route_id, geo_loc_id) values(167, 020, 161);
INSERT into DefaultDeliveryStop (id, default_route_id, geo_loc_id) values(113, 080, 108);
INSERT into DefaultDeliveryStop (id, default_route_id, geo_loc_id) values(377, 132, 362);
INSERT into DefaultDeliveryStop (id, default_route_id, geo_loc_id) values(461, 021, 445);
INSERT into DefaultDeliveryStop (id, default_route_id, geo_loc_id) values(1083, 113, 1053);
INSERT into DefaultDeliveryStop (id, default_route_id, geo_loc_id) values(306, 080, 294);
INSERT into DefaultDeliveryStop (id, default_route_id, geo_loc_id) values(321, 101, 309);
INSERT into DefaultDeliveryStop (id, default_route_id, geo_loc_id) values(199, 133, 191);
INSERT into DefaultDeliveryStop (id, default_route_id, geo_loc_id) values(187, 800, 0);
INSERT into DefaultDeliveryStop (id, default_route_id, geo_loc_id) values(1310, 060, 1263);
INSERT into DefaultDeliveryStop (id, default_route_id, geo_loc_id) values(1162, 041, 1131);
INSERT into DefaultDeliveryStop (id, default_route_id, geo_loc_id) values(845, 061, 818);
INSERT into DefaultDeliveryStop (id, default_route_id, geo_loc_id) values(656, 102, 633);
INSERT into DefaultDeliveryStop (id, default_route_id, geo_loc_id) values(1020, 131, 990);
INSERT into DefaultDeliveryStop (id, default_route_id, geo_loc_id) values(796, 011, 769);
INSERT into DefaultDeliveryStop (id, default_route_id, geo_loc_id) values(725, 040, 698);
INSERT into DefaultDeliveryStop (id, default_route_id, geo_loc_id) values(1176, 041, 1144);
INSERT into DefaultDeliveryStop (id, default_route_id, geo_loc_id) values(1175, 122, 1143);
INSERT into DefaultDeliveryStop (id, default_route_id, geo_loc_id) values(793, 080, 766);
INSERT into DefaultDeliveryStop (id, default_route_id, geo_loc_id) values(1104, 001, 1074);
INSERT into DefaultDeliveryStop (id, default_route_id, geo_loc_id) values(117, 600, 111);
INSERT into DefaultDeliveryStop (id, default_route_id, geo_loc_id) values(152, 120, 146);
INSERT into DefaultDeliveryStop (id, default_route_id, geo_loc_id) values(593, 050, 572);
INSERT into DefaultDeliveryStop (id, default_route_id, geo_loc_id) values(197, 093, 189);
INSERT into DefaultDeliveryStop (id, default_route_id, geo_loc_id) values(1042, 141, 1012);
INSERT into DefaultDeliveryStop (id, default_route_id, geo_loc_id) values(239, 091, 227);
INSERT into DefaultDeliveryStop (id, default_route_id, geo_loc_id) values(168, 103, 162);
INSERT into DefaultDeliveryStop (id, default_route_id, geo_loc_id) values(261, 063, 249);
INSERT into DefaultDeliveryStop (id, default_route_id, geo_loc_id) values(84, 061, 80);
INSERT into DefaultDeliveryStop (id, default_route_id, geo_loc_id) values(536, 101, 516);
INSERT into DefaultDeliveryStop (id, default_route_id, geo_loc_id) values(941, 014, 913);
INSERT into DefaultDeliveryStop (id, default_route_id, geo_loc_id) values(760, 013, 733);
INSERT into DefaultDeliveryStop (id, default_route_id, geo_loc_id) values(34, 031, 32);
INSERT into DefaultDeliveryStop (id, default_route_id, geo_loc_id) values(421, 030, 27);
INSERT into DefaultDeliveryStop (id, default_route_id, geo_loc_id) values(870, 061, 843);
INSERT into DefaultDeliveryStop (id, default_route_id, geo_loc_id) values(622, 024, 601);
INSERT into DefaultDeliveryStop (id, default_route_id, geo_loc_id) values(805, 010, 778);
INSERT into DefaultDeliveryStop (id, default_route_id, geo_loc_id) values(400, 132, 385);
INSERT into DefaultDeliveryStop (id, default_route_id, geo_loc_id) values(597, 130, 576);
INSERT into DefaultDeliveryStop (id, default_route_id, geo_loc_id) values(680, 110, 655);
INSERT into DefaultDeliveryStop (id, default_route_id, geo_loc_id) values(490, 052, 185);
INSERT into DefaultDeliveryStop (id, default_route_id, geo_loc_id) values(225, 111, 215);
INSERT into DefaultDeliveryStop (id, default_route_id, geo_loc_id) values(1302, 032, 1255);
INSERT into DefaultDeliveryStop (id, default_route_id, geo_loc_id) values(1021, 133, 991);
INSERT into DefaultDeliveryStop (id, default_route_id, geo_loc_id) values(408, 124, 393);
INSERT into DefaultDeliveryStop (id, default_route_id, geo_loc_id) values(494, 143, 476);
INSERT into DefaultDeliveryStop (id, default_route_id, geo_loc_id) values(383, 094, 368);
INSERT into DefaultDeliveryStop (id, default_route_id, geo_loc_id) values(1099, 101, 1069);
INSERT into DefaultDeliveryStop (id, default_route_id, geo_loc_id) values(402, 131, 387);
INSERT into DefaultDeliveryStop (id, default_route_id, geo_loc_id) values(411, 120, 396);
INSERT into DefaultDeliveryStop (id, default_route_id, geo_loc_id) values(931, 014, 903);
INSERT into DefaultDeliveryStop (id, default_route_id, geo_loc_id) values(555, 091, 534);
INSERT into DefaultDeliveryStop (id, default_route_id, geo_loc_id) values(932, 014, 904);
INSERT into DefaultDeliveryStop (id, default_route_id, geo_loc_id) values(1025, 100, 995);
INSERT into DefaultDeliveryStop (id, default_route_id, geo_loc_id) values(438, 061, 422);
INSERT into DefaultDeliveryStop (id, default_route_id, geo_loc_id) values(449, 061, 433);
INSERT into DefaultDeliveryStop (id, default_route_id, geo_loc_id) values(31, 124, 29);
INSERT into DefaultDeliveryStop (id, default_route_id, geo_loc_id) values(1144, 041, 1113);
INSERT into DefaultDeliveryStop (id, default_route_id, geo_loc_id) values(238, 151, 226);
INSERT into DefaultDeliveryStop (id, default_route_id, geo_loc_id) values(1247, 040, 1208);
INSERT into DefaultDeliveryStop (id, default_route_id, geo_loc_id) values(990, 143, 960);
INSERT into DefaultDeliveryStop (id, default_route_id, geo_loc_id) values(627, 041, 606);
INSERT into DefaultDeliveryStop (id, default_route_id, geo_loc_id) values(23, 090, 22);
INSERT into DefaultDeliveryStop (id, default_route_id, geo_loc_id) values(591, 100, 570);
INSERT into DefaultDeliveryStop (id, default_route_id, geo_loc_id) values(1215, 042, 1180);
INSERT into DefaultDeliveryStop (id, default_route_id, geo_loc_id) values(917, 015, 889);
INSERT into DefaultDeliveryStop (id, default_route_id, geo_loc_id) values(687, 023, 661);
INSERT into DefaultDeliveryStop (id, default_route_id, geo_loc_id) values(700, 130, 674);
INSERT into DefaultDeliveryStop (id, default_route_id, geo_loc_id) values(194, 091, 186);
INSERT into DefaultDeliveryStop (id, default_route_id, geo_loc_id) values(973, 122, 945);
INSERT into DefaultDeliveryStop (id, default_route_id, geo_loc_id) values(693, 063, 667);
INSERT into DefaultDeliveryStop (id, default_route_id, geo_loc_id) values(872, 061, 845);
INSERT into DefaultDeliveryStop (id, default_route_id, geo_loc_id) values(1220, 040, 1185);
INSERT into DefaultDeliveryStop (id, default_route_id, geo_loc_id) values(287, 091, 275);
INSERT into DefaultDeliveryStop (id, default_route_id, geo_loc_id) values(195, 082, 187);
INSERT into DefaultDeliveryStop (id, default_route_id, geo_loc_id) values(1029, 110, 999);
INSERT into DefaultDeliveryStop (id, default_route_id, geo_loc_id) values(80, 133, 76);
INSERT into DefaultDeliveryStop (id, default_route_id, geo_loc_id) values(241, 021, 229);
INSERT into DefaultDeliveryStop (id, default_route_id, geo_loc_id) values(342, 041, 330);
INSERT into DefaultDeliveryStop (id, default_route_id, geo_loc_id) values(477, 061, 460);
INSERT into DefaultDeliveryStop (id, default_route_id, geo_loc_id) values(240, 132, 228);
INSERT into DefaultDeliveryStop (id, default_route_id, geo_loc_id) values(496, 041, 477);
INSERT into DefaultDeliveryStop (id, default_route_id, geo_loc_id) values(254, 113, 242);
INSERT into DefaultDeliveryStop (id, default_route_id, geo_loc_id) values(504, 121, 484);
INSERT into DefaultDeliveryStop (id, default_route_id, geo_loc_id) values(72, 102, 69);
INSERT into DefaultDeliveryStop (id, default_route_id, geo_loc_id) values(379, 103, 364);
INSERT into DefaultDeliveryStop (id, default_route_id, geo_loc_id) values(186, 021, 179);
INSERT into DefaultDeliveryStop (id, default_route_id, geo_loc_id) values(1071, 121, 1041);
INSERT into DefaultDeliveryStop (id, default_route_id, geo_loc_id) values(525, 501, 505);
INSERT into DefaultDeliveryStop (id, default_route_id, geo_loc_id) values(734, 013, 707);
INSERT into DefaultDeliveryStop (id, default_route_id, geo_loc_id) values(1097, 101, 1067);
INSERT into DefaultDeliveryStop (id, default_route_id, geo_loc_id) values(929, 014, 901);
INSERT into DefaultDeliveryStop (id, default_route_id, geo_loc_id) values(267, 023, 255);
INSERT into DefaultDeliveryStop (id, default_route_id, geo_loc_id) values(614, 103, 593);
INSERT into DefaultDeliveryStop (id, default_route_id, geo_loc_id) values(631, 111, 610);
INSERT into DefaultDeliveryStop (id, default_route_id, geo_loc_id) values(913, 015, 885);
INSERT into DefaultDeliveryStop (id, default_route_id, geo_loc_id) values(81, 100, 77);
INSERT into DefaultDeliveryStop (id, default_route_id, geo_loc_id) values(647, 054, 624);
INSERT into DefaultDeliveryStop (id, default_route_id, geo_loc_id) values(1095, 121, 1065);
INSERT into DefaultDeliveryStop (id, default_route_id, geo_loc_id) values(46, 060, 44);
INSERT into DefaultDeliveryStop (id, default_route_id, geo_loc_id) values(1030, 092, 1000);
INSERT into DefaultDeliveryStop (id, default_route_id, geo_loc_id) values(922, 015, 894);
INSERT into DefaultDeliveryStop (id, default_route_id, geo_loc_id) values(634, 143, 613);
INSERT into DefaultDeliveryStop (id, default_route_id, geo_loc_id) values(753, 013, 726);
INSERT into DefaultDeliveryStop (id, default_route_id, geo_loc_id) values(526, 103, 506);
INSERT into DefaultDeliveryStop (id, default_route_id, geo_loc_id) values(1015, 052, 985);
INSERT into DefaultDeliveryStop (id, default_route_id, geo_loc_id) values(232, 101, 221);
INSERT into DefaultDeliveryStop (id, default_route_id, geo_loc_id) values(130, 120, 124);
INSERT into DefaultDeliveryStop (id, default_route_id, geo_loc_id) values(237, 024, 225);
INSERT into DefaultDeliveryStop (id, default_route_id, geo_loc_id) values(280, 042, 268);
INSERT into DefaultDeliveryStop (id, default_route_id, geo_loc_id) values(414, 123, 399);
INSERT into DefaultDeliveryStop (id, default_route_id, geo_loc_id) values(570, 100, 549);
INSERT into DefaultDeliveryStop (id, default_route_id, geo_loc_id) values(131, 144, 125);
INSERT into DefaultDeliveryStop (id, default_route_id, geo_loc_id) values(390, 001, 375);
INSERT into DefaultDeliveryStop (id, default_route_id, geo_loc_id) values(714, 083, 688);
INSERT into DefaultDeliveryStop (id, default_route_id, geo_loc_id) values(1253, 600, 1213);
INSERT into DefaultDeliveryStop (id, default_route_id, geo_loc_id) values(773, 012, 746);
INSERT into DefaultDeliveryStop (id, default_route_id, geo_loc_id) values(204, 001, 196);
INSERT into DefaultDeliveryStop (id, default_route_id, geo_loc_id) values(401, 091, 386);
INSERT into DefaultDeliveryStop (id, default_route_id, geo_loc_id) values(578, 061, 557);
INSERT into DefaultDeliveryStop (id, default_route_id, geo_loc_id) values(22, 900, 21);
INSERT into DefaultDeliveryStop (id, default_route_id, geo_loc_id) values(463, 082, 447);
INSERT into DefaultDeliveryStop (id, default_route_id, geo_loc_id) values(943, 014, 915);
INSERT into DefaultDeliveryStop (id, default_route_id, geo_loc_id) values(64, 024, 62);
INSERT into DefaultDeliveryStop (id, default_route_id, geo_loc_id) values(55, 102, 53);
INSERT into DefaultDeliveryStop (id, default_route_id, geo_loc_id) values(166, 151, 160);
INSERT into DefaultDeliveryStop (id, default_route_id, geo_loc_id) values(878, 061, 851);
INSERT into DefaultDeliveryStop (id, default_route_id, geo_loc_id) values(1306, 070, 1259);
INSERT into DefaultDeliveryStop (id, default_route_id, geo_loc_id) values(1167, 133, 1136);
INSERT into DefaultDeliveryStop (id, default_route_id, geo_loc_id) values(206, 102, 197);
INSERT into DefaultDeliveryStop (id, default_route_id, geo_loc_id) values(1113, 052, 1083);
INSERT into DefaultDeliveryStop (id, default_route_id, geo_loc_id) values(290, 112, 278);
INSERT into DefaultDeliveryStop (id, default_route_id, geo_loc_id) values(983, 031, 953);
INSERT into DefaultDeliveryStop (id, default_route_id, geo_loc_id) values(657, 030, 634);
INSERT into DefaultDeliveryStop (id, default_route_id, geo_loc_id) values(678, 102, 653);
INSERT into DefaultDeliveryStop (id, default_route_id, geo_loc_id) values(200, 023, 192);
INSERT into DefaultDeliveryStop (id, default_route_id, geo_loc_id) values(436, 061, 420);
INSERT into DefaultDeliveryStop (id, default_route_id, geo_loc_id) values(1178, 031, 1146);
INSERT into DefaultDeliveryStop (id, default_route_id, geo_loc_id) values(619, 021, 598);
INSERT into DefaultDeliveryStop (id, default_route_id, geo_loc_id) values(1045, 073, 1015);
INSERT into DefaultDeliveryStop (id, default_route_id, geo_loc_id) values(1180, 101, 1148);
INSERT into DefaultDeliveryStop (id, default_route_id, geo_loc_id) values(182, 131, 176);
INSERT into DefaultDeliveryStop (id, default_route_id, geo_loc_id) values(1163, 063, 1132);
INSERT into DefaultDeliveryStop (id, default_route_id, geo_loc_id) values(382, 121, 367);
INSERT into DefaultDeliveryStop (id, default_route_id, geo_loc_id) values(611, 020, 590);
INSERT into DefaultDeliveryStop (id, default_route_id, geo_loc_id) values(823, 012, 796);
INSERT into DefaultDeliveryStop (id, default_route_id, geo_loc_id) values(1035, 061, 1005);
INSERT into DefaultDeliveryStop (id, default_route_id, geo_loc_id) values(1041, 050, 1011);
INSERT into DefaultDeliveryStop (id, default_route_id, geo_loc_id) values(466, 080, 449);
INSERT into DefaultDeliveryStop (id, default_route_id, geo_loc_id) values(991, 071, 961);
INSERT into DefaultDeliveryStop (id, default_route_id, geo_loc_id) values(580, 100, 559);
INSERT into DefaultDeliveryStop (id, default_route_id, geo_loc_id) values(9, 023, 9);
INSERT into DefaultDeliveryStop (id, default_route_id, geo_loc_id) values(818, 014, 791);
INSERT into DefaultDeliveryStop (id, default_route_id, geo_loc_id) values(1085, 040, 1055);
INSERT into DefaultDeliveryStop (id, default_route_id, geo_loc_id) values(323, 144, 311);
INSERT into DefaultDeliveryStop (id, default_route_id, geo_loc_id) values(882, 061, 855);
INSERT into DefaultDeliveryStop (id, default_route_id, geo_loc_id) values(1002, 052, 972);
INSERT into DefaultDeliveryStop (id, default_route_id, geo_loc_id) values(1191, 123, 1157);
INSERT into DefaultDeliveryStop (id, default_route_id, geo_loc_id) values(320, 130, 308);
INSERT into DefaultDeliveryStop (id, default_route_id, geo_loc_id) values(334, 130, 322);
INSERT into DefaultDeliveryStop (id, default_route_id, geo_loc_id) values(781, 012, 754);
INSERT into DefaultDeliveryStop (id, default_route_id, geo_loc_id) values(686, 130, 660);
INSERT into DefaultDeliveryStop (id, default_route_id, geo_loc_id) values(273, 120, 261);
INSERT into DefaultDeliveryStop (id, default_route_id, geo_loc_id) values(789, 011, 762);
INSERT into DefaultDeliveryStop (id, default_route_id, geo_loc_id) values(388, 040, 373);
INSERT into DefaultDeliveryStop (id, default_route_id, geo_loc_id) values(163, 103, 157);
INSERT into DefaultDeliveryStop (id, default_route_id, geo_loc_id) values(226, 083, 216);
INSERT into DefaultDeliveryStop (id, default_route_id, geo_loc_id) values(1089, 113, 1059);
INSERT into DefaultDeliveryStop (id, default_route_id, geo_loc_id) values(652, 363, 629);
INSERT into DefaultDeliveryStop (id, default_route_id, geo_loc_id) values(62, 112, 60);
INSERT into DefaultDeliveryStop (id, default_route_id, geo_loc_id) values(1077, 103, 1047);
INSERT into DefaultDeliveryStop (id, default_route_id, geo_loc_id) values(905, 015, 877);
INSERT into DefaultDeliveryStop (id, default_route_id, geo_loc_id) values(355, 041, 343);
INSERT into DefaultDeliveryStop (id, default_route_id, geo_loc_id) values(1024, 070, 994);
INSERT into DefaultDeliveryStop (id, default_route_id, geo_loc_id) values(601, 091, 580);
INSERT into DefaultDeliveryStop (id, default_route_id, geo_loc_id) values(1218, 070, 1183);
INSERT into DefaultDeliveryStop (id, default_route_id, geo_loc_id) values(710, 020, 684);
INSERT into DefaultDeliveryStop (id, default_route_id, geo_loc_id) values(968, 151, 940);
INSERT into DefaultDeliveryStop (id, default_route_id, geo_loc_id) values(1206, 060, 1171);
INSERT into DefaultDeliveryStop (id, default_route_id, geo_loc_id) values(660, 052, 636);
INSERT into DefaultDeliveryStop (id, default_route_id, geo_loc_id) values(1154, 051, 1123);
INSERT into DefaultDeliveryStop (id, default_route_id, geo_loc_id) values(294, 043, 282);
INSERT into DefaultDeliveryStop (id, default_route_id, geo_loc_id) values(147, 092, 141);
INSERT into DefaultDeliveryStop (id, default_route_id, geo_loc_id) values(862, 061, 835);
INSERT into DefaultDeliveryStop (id, default_route_id, geo_loc_id) values(48, 091, 46);
INSERT into DefaultDeliveryStop (id, default_route_id, geo_loc_id) values(1052, 021, 1022);
INSERT into DefaultDeliveryStop (id, default_route_id, geo_loc_id) values(336, 113, 324);
INSERT into DefaultDeliveryStop (id, default_route_id, geo_loc_id) values(1231, 143, 1194);
INSERT into DefaultDeliveryStop (id, default_route_id, geo_loc_id) values(100, 111, 95);
INSERT into DefaultDeliveryStop (id, default_route_id, geo_loc_id) values(1307, 021, 1260);
INSERT into DefaultDeliveryStop (id, default_route_id, geo_loc_id) values(1289, 140, 1242);
INSERT into DefaultDeliveryStop (id, default_route_id, geo_loc_id) values(498, 024, 478);
INSERT into DefaultDeliveryStop (id, default_route_id, geo_loc_id) values(874, 061, 847);
INSERT into DefaultDeliveryStop (id, default_route_id, geo_loc_id) values(562, 112, 541);
INSERT into DefaultDeliveryStop (id, default_route_id, geo_loc_id) values(986, 501, 956);
INSERT into DefaultDeliveryStop (id, default_route_id, geo_loc_id) values(413, 505, 398);
INSERT into DefaultDeliveryStop (id, default_route_id, geo_loc_id) values(431, 061, 415);
INSERT into DefaultDeliveryStop (id, default_route_id, geo_loc_id) values(276, 123, 264);
INSERT into DefaultDeliveryStop (id, default_route_id, geo_loc_id) values(79, 101, 75);
INSERT into DefaultDeliveryStop (id, default_route_id, geo_loc_id) values(373, 060, 359);
INSERT into DefaultDeliveryStop (id, default_route_id, geo_loc_id) values(977, 120, 949);
INSERT into DefaultDeliveryStop (id, default_route_id, geo_loc_id) values(1121, 140, 1091);
INSERT into DefaultDeliveryStop (id, default_route_id, geo_loc_id) values(108, 143, 103);
INSERT into DefaultDeliveryStop (id, default_route_id, geo_loc_id) values(333, 140, 321);
INSERT into DefaultDeliveryStop (id, default_route_id, geo_loc_id) values(1091, 060, 1061);
INSERT into DefaultDeliveryStop (id, default_route_id, geo_loc_id) values(774, 012, 747);
INSERT into DefaultDeliveryStop (id, default_route_id, geo_loc_id) values(1187, 102, 1154);
INSERT into DefaultDeliveryStop (id, default_route_id, geo_loc_id) values(1067, 121, 1037);
INSERT into DefaultDeliveryStop (id, default_route_id, geo_loc_id) values(1057, 031, 1027);
INSERT into DefaultDeliveryStop (id, default_route_id, geo_loc_id) values(616, 111, 595);
INSERT into DefaultDeliveryStop (id, default_route_id, geo_loc_id) values(435, 061, 419);
INSERT into DefaultDeliveryStop (id, default_route_id, geo_loc_id) values(559, 042, 538);
INSERT into DefaultDeliveryStop (id, default_route_id, geo_loc_id) values(385, 111, 370);
INSERT into DefaultDeliveryStop (id, default_route_id, geo_loc_id) values(447, 061, 431);
INSERT into DefaultDeliveryStop (id, default_route_id, geo_loc_id) values(89, 102, 84);
INSERT into DefaultDeliveryStop (id, default_route_id, geo_loc_id) values(68, 063, 66);
INSERT into DefaultDeliveryStop (id, default_route_id, geo_loc_id) values(748, 013, 721);
INSERT into DefaultDeliveryStop (id, default_route_id, geo_loc_id) values(265, 080, 253);
INSERT into DefaultDeliveryStop (id, default_route_id, geo_loc_id) values(1161, 070, 1130);
INSERT into DefaultDeliveryStop (id, default_route_id, geo_loc_id) values(1127, 144, 1096);
INSERT into DefaultDeliveryStop (id, default_route_id, geo_loc_id) values(247, 091, 235);
INSERT into DefaultDeliveryStop (id, default_route_id, geo_loc_id) values(1284, 140, 1238);
INSERT into DefaultDeliveryStop (id, default_route_id, geo_loc_id) values(1171, 144, 3);
INSERT into DefaultDeliveryStop (id, default_route_id, geo_loc_id) values(105, 082, 100);
INSERT into DefaultDeliveryStop (id, default_route_id, geo_loc_id) values(1174, 090, 1142);
INSERT into DefaultDeliveryStop (id, default_route_id, geo_loc_id) values(937, 014, 909);
INSERT into DefaultDeliveryStop (id, default_route_id, geo_loc_id) values(697, 110, 671);
INSERT into DefaultDeliveryStop (id, default_route_id, geo_loc_id) values(3, 143, 3);
INSERT into DefaultDeliveryStop (id, default_route_id, geo_loc_id) values(88, 123, 83);
INSERT into DefaultDeliveryStop (id, default_route_id, geo_loc_id) values(1211, 143, 1176);
INSERT into DefaultDeliveryStop (id, default_route_id, geo_loc_id) values(1273, 081, 1227);
INSERT into DefaultDeliveryStop (id, default_route_id, geo_loc_id) values(1000, 071, 970);
INSERT into DefaultDeliveryStop (id, default_route_id, geo_loc_id) values(303, 071, 291);
INSERT into DefaultDeliveryStop (id, default_route_id, geo_loc_id) values(779, 012, 752);
INSERT into DefaultDeliveryStop (id, default_route_id, geo_loc_id) values(1016, 090, 986);
INSERT into DefaultDeliveryStop (id, default_route_id, geo_loc_id) values(1292, 090, 1245);
INSERT into DefaultDeliveryStop (id, default_route_id, geo_loc_id) values(516, 023, 496);
INSERT into DefaultDeliveryStop (id, default_route_id, geo_loc_id) values(229, 100, 218);
INSERT into DefaultDeliveryStop (id, default_route_id, geo_loc_id) values(1286, 070, 1239);
INSERT into DefaultDeliveryStop (id, default_route_id, geo_loc_id) values(836, 010, 809);
INSERT into DefaultDeliveryStop (id, default_route_id, geo_loc_id) values(896, 015, 868);
INSERT into DefaultDeliveryStop (id, default_route_id, geo_loc_id) values(857, 061, 830);
INSERT into DefaultDeliveryStop (id, default_route_id, geo_loc_id) values(1200, 024, 1165);
INSERT into DefaultDeliveryStop (id, default_route_id, geo_loc_id) values(169, 100, 163);
INSERT into DefaultDeliveryStop (id, default_route_id, geo_loc_id) values(441, 061, 425);
INSERT into DefaultDeliveryStop (id, default_route_id, geo_loc_id) values(82, 131, 78);
INSERT into DefaultDeliveryStop (id, default_route_id, geo_loc_id) values(47, 101, 45);
INSERT into DefaultDeliveryStop (id, default_route_id, geo_loc_id) values(1065, 103, 1035);
INSERT into DefaultDeliveryStop (id, default_route_id, geo_loc_id) values(39, 113, 37);
INSERT into DefaultDeliveryStop (id, default_route_id, geo_loc_id) values(129, 120, 123);
INSERT into DefaultDeliveryStop (id, default_route_id, geo_loc_id) values(683, 082, 658);
INSERT into DefaultDeliveryStop (id, default_route_id, geo_loc_id) values(1264, 093, 1218);
INSERT into DefaultDeliveryStop (id, default_route_id, geo_loc_id) values(732, 013, 705);
INSERT into DefaultDeliveryStop (id, default_route_id, geo_loc_id) values(1028, 133, 998);
INSERT into DefaultDeliveryStop (id, default_route_id, geo_loc_id) values(404, 043, 389);
INSERT into DefaultDeliveryStop (id, default_route_id, geo_loc_id) values(396, 111, 381);
INSERT into DefaultDeliveryStop (id, default_route_id, geo_loc_id) values(224, 071, 214);
INSERT into DefaultDeliveryStop (id, default_route_id, geo_loc_id) values(509, 112, 489);
INSERT into DefaultDeliveryStop (id, default_route_id, geo_loc_id) values(648, 111, 625);
INSERT into DefaultDeliveryStop (id, default_route_id, geo_loc_id) values(1201, 101, 1166);
INSERT into DefaultDeliveryStop (id, default_route_id, geo_loc_id) values(437, 061, 421);
INSERT into DefaultDeliveryStop (id, default_route_id, geo_loc_id) values(1039, 082, 1009);
INSERT into DefaultDeliveryStop (id, default_route_id, geo_loc_id) values(397, 120, 382);
INSERT into DefaultDeliveryStop (id, default_route_id, geo_loc_id) values(269, 051, 257);
INSERT into DefaultDeliveryStop (id, default_route_id, geo_loc_id) values(263, 080, 251);
INSERT into DefaultDeliveryStop (id, default_route_id, geo_loc_id) values(57, 110, 55);
INSERT into DefaultDeliveryStop (id, default_route_id, geo_loc_id) values(135, 020, 129);
INSERT into DefaultDeliveryStop (id, default_route_id, geo_loc_id) values(889, 014, 862);
INSERT into DefaultDeliveryStop (id, default_route_id, geo_loc_id) values(790, 011, 763);
INSERT into DefaultDeliveryStop (id, default_route_id, geo_loc_id) values(704, 501, 678);
INSERT into DefaultDeliveryStop (id, default_route_id, geo_loc_id) values(918, 015, 890);
INSERT into DefaultDeliveryStop (id, default_route_id, geo_loc_id) values(278, 071, 266);
INSERT into DefaultDeliveryStop (id, default_route_id, geo_loc_id) values(1294, 063, 1247);
INSERT into DefaultDeliveryStop (id, default_route_id, geo_loc_id) values(806, 010, 779);
INSERT into DefaultDeliveryStop (id, default_route_id, geo_loc_id) values(729, 092, 702);
INSERT into DefaultDeliveryStop (id, default_route_id, geo_loc_id) values(1296, 054, 1249);
INSERT into DefaultDeliveryStop (id, default_route_id, geo_loc_id) values(443, 061, 427);
INSERT into DefaultDeliveryStop (id, default_route_id, geo_loc_id) values(576, 061, 555);
INSERT into DefaultDeliveryStop (id, default_route_id, geo_loc_id) values(855, 061, 828);
INSERT into DefaultDeliveryStop (id, default_route_id, geo_loc_id) values(645, 083, 622);
INSERT into DefaultDeliveryStop (id, default_route_id, geo_loc_id) values(1037, 140, 1007);
INSERT into DefaultDeliveryStop (id, default_route_id, geo_loc_id) values(730, 092, 703);
INSERT into DefaultDeliveryStop (id, default_route_id, geo_loc_id) values(1290, 502, 1243);
INSERT into DefaultDeliveryStop (id, default_route_id, geo_loc_id) values(260, 063, 248);
INSERT into DefaultDeliveryStop (id, default_route_id, geo_loc_id) values(1266, 112, 1220);
INSERT into DefaultDeliveryStop (id, default_route_id, geo_loc_id) values(120, 094, 114);
INSERT into DefaultDeliveryStop (id, default_route_id, geo_loc_id) values(285, 001, 273);
INSERT into DefaultDeliveryStop (id, default_route_id, geo_loc_id) values(1330, 040, 1281);
INSERT into DefaultDeliveryStop (id, default_route_id, geo_loc_id) values(252, 020, 240);
INSERT into DefaultDeliveryStop (id, default_route_id, geo_loc_id) values(162, 103, 156);
INSERT into DefaultDeliveryStop (id, default_route_id, geo_loc_id) values(357, 124, 345);
INSERT into DefaultDeliveryStop (id, default_route_id, geo_loc_id) values(938, 014, 910);
INSERT into DefaultDeliveryStop (id, default_route_id, geo_loc_id) values(628, 140, 607);
INSERT into DefaultDeliveryStop (id, default_route_id, geo_loc_id) values(899, 015, 871);
INSERT into DefaultDeliveryStop (id, default_route_id, geo_loc_id) values(1072, 040, 1042);
INSERT into DefaultDeliveryStop (id, default_route_id, geo_loc_id) values(1316, 020, 1269);
INSERT into DefaultDeliveryStop (id, default_route_id, geo_loc_id) values(492, 121, 474);
INSERT into DefaultDeliveryStop (id, default_route_id, geo_loc_id) values(623, 090, 602);
INSERT into DefaultDeliveryStop (id, default_route_id, geo_loc_id) values(1232, 050, 1195);
INSERT into DefaultDeliveryStop (id, default_route_id, geo_loc_id) values(651, 084, 628);
INSERT into DefaultDeliveryStop (id, default_route_id, geo_loc_id) values(752, 013, 725);
INSERT into DefaultDeliveryStop (id, default_route_id, geo_loc_id) values(949, 132, 921);
INSERT into DefaultDeliveryStop (id, default_route_id, geo_loc_id) values(743, 011, 716);
INSERT into DefaultDeliveryStop (id, default_route_id, geo_loc_id) values(971, 052, 943);
INSERT into DefaultDeliveryStop (id, default_route_id, geo_loc_id) values(1007, 090, 977);
INSERT into DefaultDeliveryStop (id, default_route_id, geo_loc_id) values(95, 052, 90);
INSERT into DefaultDeliveryStop (id, default_route_id, geo_loc_id) values(751, 013, 724);
INSERT into DefaultDeliveryStop (id, default_route_id, geo_loc_id) values(532, 132, 512);
INSERT into DefaultDeliveryStop (id, default_route_id, geo_loc_id) values(530, 102, 510);
INSERT into DefaultDeliveryStop (id, default_route_id, geo_loc_id) values(749, 013, 722);
INSERT into DefaultDeliveryStop (id, default_route_id, geo_loc_id) values(1318, 051, 1271);
INSERT into DefaultDeliveryStop (id, default_route_id, geo_loc_id) values(165, 090, 159);
INSERT into DefaultDeliveryStop (id, default_route_id, geo_loc_id) values(883, 011, 856);
INSERT into DefaultDeliveryStop (id, default_route_id, geo_loc_id) values(828, 014, 801);
INSERT into DefaultDeliveryStop (id, default_route_id, geo_loc_id) values(472, 021, 455);
INSERT into DefaultDeliveryStop (id, default_route_id, geo_loc_id) values(961, 072, 933);
INSERT into DefaultDeliveryStop (id, default_route_id, geo_loc_id) values(1173, 110, 1141);
INSERT into DefaultDeliveryStop (id, default_route_id, geo_loc_id) values(955, 001, 927);
INSERT into DefaultDeliveryStop (id, default_route_id, geo_loc_id) values(602, 023, 581);
INSERT into DefaultDeliveryStop (id, default_route_id, geo_loc_id) values(998, 110, 968);
INSERT into DefaultDeliveryStop (id, default_route_id, geo_loc_id) values(297, 061, 285);
INSERT into DefaultDeliveryStop (id, default_route_id, geo_loc_id) values(1233, 083, 1196);
INSERT into DefaultDeliveryStop (id, default_route_id, geo_loc_id) values(220, 101, 210);
INSERT into DefaultDeliveryStop (id, default_route_id, geo_loc_id) values(137, 130, 131);
INSERT into DefaultDeliveryStop (id, default_route_id, geo_loc_id) values(635, 113, 614);
INSERT into DefaultDeliveryStop (id, default_route_id, geo_loc_id) values(146, 071, 140);
INSERT into DefaultDeliveryStop (id, default_route_id, geo_loc_id) values(926, 015, 898);
INSERT into DefaultDeliveryStop (id, default_route_id, geo_loc_id) values(428, 061, 412);
INSERT into DefaultDeliveryStop (id, default_route_id, geo_loc_id) values(434, 061, 418);
INSERT into DefaultDeliveryStop (id, default_route_id, geo_loc_id) values(1069, 020, 1039);
INSERT into DefaultDeliveryStop (id, default_route_id, geo_loc_id) values(585, 113, 564);
INSERT into DefaultDeliveryStop (id, default_route_id, geo_loc_id) values(911, 015, 883);
INSERT into DefaultDeliveryStop (id, default_route_id, geo_loc_id) values(460, 073, 444);
INSERT into DefaultDeliveryStop (id, default_route_id, geo_loc_id) values(553, 600, 532);
INSERT into DefaultDeliveryStop (id, default_route_id, geo_loc_id) values(1005, 131, 975);
INSERT into DefaultDeliveryStop (id, default_route_id, geo_loc_id) values(891, 063, 864);
INSERT into DefaultDeliveryStop (id, default_route_id, geo_loc_id) values(788, 011, 761);
INSERT into DefaultDeliveryStop (id, default_route_id, geo_loc_id) values(56, 102, 54);
INSERT into DefaultDeliveryStop (id, default_route_id, geo_loc_id) values(495, 101, 476);
INSERT into DefaultDeliveryStop (id, default_route_id, geo_loc_id) values(1257, 600, 1215);
INSERT into DefaultDeliveryStop (id, default_route_id, geo_loc_id) values(827, 014, 800);
INSERT into DefaultDeliveryStop (id, default_route_id, geo_loc_id) values(731, 011, 704);
INSERT into DefaultDeliveryStop (id, default_route_id, geo_loc_id) values(215, 130, 205);
INSERT into DefaultDeliveryStop (id, default_route_id, geo_loc_id) values(851, 061, 824);
INSERT into DefaultDeliveryStop (id, default_route_id, geo_loc_id) values(1242, 350, 1204);
INSERT into DefaultDeliveryStop (id, default_route_id, geo_loc_id) values(171, 042, 165);
INSERT into DefaultDeliveryStop (id, default_route_id, geo_loc_id) values(745, 013, 718);
INSERT into DefaultDeliveryStop (id, default_route_id, geo_loc_id) values(484, 144, 467);
INSERT into DefaultDeliveryStop (id, default_route_id, geo_loc_id) values(934, 013, 906);
INSERT into DefaultDeliveryStop (id, default_route_id, geo_loc_id) values(1320, 100, 1273);
INSERT into DefaultDeliveryStop (id, default_route_id, geo_loc_id) values(208, 600, 198);
INSERT into DefaultDeliveryStop (id, default_route_id, geo_loc_id) values(189, 083, 181);
INSERT into DefaultDeliveryStop (id, default_route_id, geo_loc_id) values(1128, 011, 1097);
INSERT into DefaultDeliveryStop (id, default_route_id, geo_loc_id) values(960, 141, 932);
INSERT into DefaultDeliveryStop (id, default_route_id, geo_loc_id) values(219, 020, 209);
INSERT into DefaultDeliveryStop (id, default_route_id, geo_loc_id) values(877, 061, 850);
INSERT into DefaultDeliveryStop (id, default_route_id, geo_loc_id) values(659, 122, 628);
INSERT into DefaultDeliveryStop (id, default_route_id, geo_loc_id) values(1346, 100, 1292);
INSERT into DefaultDeliveryStop (id, default_route_id, geo_loc_id) values(696, 120, 670);
INSERT into DefaultDeliveryStop (id, default_route_id, geo_loc_id) values(829, 014, 802);
INSERT into DefaultDeliveryStop (id, default_route_id, geo_loc_id) values(78, 123, 74);
INSERT into DefaultDeliveryStop (id, default_route_id, geo_loc_id) values(1017, 151, 987);
INSERT into DefaultDeliveryStop (id, default_route_id, geo_loc_id) values(14, 024, 14);
INSERT into DefaultDeliveryStop (id, default_route_id, geo_loc_id) values(339, 020, 327);
INSERT into DefaultDeliveryStop (id, default_route_id, geo_loc_id) values(326, 124, 314);
INSERT into DefaultDeliveryStop (id, default_route_id, geo_loc_id) values(843, 061, 816);
INSERT into DefaultDeliveryStop (id, default_route_id, geo_loc_id) values(885, 061, 858);
INSERT into DefaultDeliveryStop (id, default_route_id, geo_loc_id) values(331, 103, 319);
INSERT into DefaultDeliveryStop (id, default_route_id, geo_loc_id) values(807, 010, 780);
INSERT into DefaultDeliveryStop (id, default_route_id, geo_loc_id) values(1147, 082, 1116);
INSERT into DefaultDeliveryStop (id, default_route_id, geo_loc_id) values(523, 132, 503);
INSERT into DefaultDeliveryStop (id, default_route_id, geo_loc_id) values(875, 061, 848);
INSERT into DefaultDeliveryStop (id, default_route_id, geo_loc_id) values(455, 061, 439);
INSERT into DefaultDeliveryStop (id, default_route_id, geo_loc_id) values(481, 111, 464);
INSERT into DefaultDeliveryStop (id, default_route_id, geo_loc_id) values(381, 143, 366);
INSERT into DefaultDeliveryStop (id, default_route_id, geo_loc_id) values(679, 121, 654);
INSERT into DefaultDeliveryStop (id, default_route_id, geo_loc_id) values(527, 063, 507);
INSERT into DefaultDeliveryStop (id, default_route_id, geo_loc_id) values(887, 071, 860);
INSERT into DefaultDeliveryStop (id, default_route_id, geo_loc_id) values(1177, 130, 1145);
INSERT into DefaultDeliveryStop (id, default_route_id, geo_loc_id) values(164, 020, 158);
INSERT into DefaultDeliveryStop (id, default_route_id, geo_loc_id) values(820, 014, 793);
INSERT into DefaultDeliveryStop (id, default_route_id, geo_loc_id) values(543, 123, 523);
INSERT into DefaultDeliveryStop (id, default_route_id, geo_loc_id) values(391, 063, 376);
INSERT into DefaultDeliveryStop (id, default_route_id, geo_loc_id) values(389, 133, 374);
INSERT into DefaultDeliveryStop (id, default_route_id, geo_loc_id) values(709, 060, 683);
INSERT into DefaultDeliveryStop (id, default_route_id, geo_loc_id) values(262, 080, 250);
INSERT into DefaultDeliveryStop (id, default_route_id, geo_loc_id) values(188, 350, 180);
INSERT into DefaultDeliveryStop (id, default_route_id, geo_loc_id) values(1281, 103, 1235);
INSERT into DefaultDeliveryStop (id, default_route_id, geo_loc_id) values(409, 130, 394);
INSERT into DefaultDeliveryStop (id, default_route_id, geo_loc_id) values(541, 131, 521);
INSERT into DefaultDeliveryStop (id, default_route_id, geo_loc_id) values(1195, 800, 1160);
INSERT into DefaultDeliveryStop (id, default_route_id, geo_loc_id) values(7, 082, 7);
INSERT into DefaultDeliveryStop (id, default_route_id, geo_loc_id) values(551, 091, 531);
INSERT into DefaultDeliveryStop (id, default_route_id, geo_loc_id) values(810, 010, 783);
INSERT into DefaultDeliveryStop (id, default_route_id, geo_loc_id) values(1135, 042, 1104);
INSERT into DefaultDeliveryStop (id, default_route_id, geo_loc_id) values(1246, 120, 794);
INSERT into DefaultDeliveryStop (id, default_route_id, geo_loc_id) values(508, 122, 488);
INSERT into DefaultDeliveryStop (id, default_route_id, geo_loc_id) values(198, 132, 190);
INSERT into DefaultDeliveryStop (id, default_route_id, geo_loc_id) values(763, 012, 736);
INSERT into DefaultDeliveryStop (id, default_route_id, geo_loc_id) values(681, 102, 656);
INSERT into DefaultDeliveryStop (id, default_route_id, geo_loc_id) values(353, 124, 341);
INSERT into DefaultDeliveryStop (id, default_route_id, geo_loc_id) values(59, 093, 57);
INSERT into DefaultDeliveryStop (id, default_route_id, geo_loc_id) values(480, 051, 463);
INSERT into DefaultDeliveryStop (id, default_route_id, geo_loc_id) values(514, 502, 494);
INSERT into DefaultDeliveryStop (id, default_route_id, geo_loc_id) values(1258, 024, 1216);
INSERT into DefaultDeliveryStop (id, default_route_id, geo_loc_id) values(698, 020, 672);
INSERT into DefaultDeliveryStop (id, default_route_id, geo_loc_id) values(513, 023, 493);
INSERT into DefaultDeliveryStop (id, default_route_id, geo_loc_id) values(695, 031, 669);
INSERT into DefaultDeliveryStop (id, default_route_id, geo_loc_id) values(501, 140, 481);
INSERT into DefaultDeliveryStop (id, default_route_id, geo_loc_id) values(346, 054, 334);
INSERT into DefaultDeliveryStop (id, default_route_id, geo_loc_id) values(595, 050, 574);
INSERT into DefaultDeliveryStop (id, default_route_id, geo_loc_id) values(454, 061, 438);
INSERT into DefaultDeliveryStop (id, default_route_id, geo_loc_id) values(782, 012, 755);
INSERT into DefaultDeliveryStop (id, default_route_id, geo_loc_id) values(850, 061, 823);
INSERT into DefaultDeliveryStop (id, default_route_id, geo_loc_id) values(1088, 020, 1058);
INSERT into DefaultDeliveryStop (id, default_route_id, geo_loc_id) values(1118, 024, 1088);
INSERT into DefaultDeliveryStop (id, default_route_id, geo_loc_id) values(947, 020, 919);
INSERT into DefaultDeliveryStop (id, default_route_id, geo_loc_id) values(677, 124, 652);
INSERT into DefaultDeliveryStop (id, default_route_id, geo_loc_id) values(644, 030, 621);
INSERT into DefaultDeliveryStop (id, default_route_id, geo_loc_id) values(92, 052, 87);
INSERT into DefaultDeliveryStop (id, default_route_id, geo_loc_id) values(867, 061, 840);
INSERT into DefaultDeliveryStop (id, default_route_id, geo_loc_id) values(669, 083, 644);
INSERT into DefaultDeliveryStop (id, default_route_id, geo_loc_id) values(1209, 111, 1174);
INSERT into DefaultDeliveryStop (id, default_route_id, geo_loc_id) values(351, 080, 339);
INSERT into DefaultDeliveryStop (id, default_route_id, geo_loc_id) values(671, 124, 646);
INSERT into DefaultDeliveryStop (id, default_route_id, geo_loc_id) values(446, 061, 430);
INSERT into DefaultDeliveryStop (id, default_route_id, geo_loc_id) values(406, 061, 391);
INSERT into DefaultDeliveryStop (id, default_route_id, geo_loc_id) values(638, 030, 617);
INSERT into DefaultDeliveryStop (id, default_route_id, geo_loc_id) values(762, 012, 735);
INSERT into DefaultDeliveryStop (id, default_route_id, geo_loc_id) values(801, 010, 774);
INSERT into DefaultDeliveryStop (id, default_route_id, geo_loc_id) values(1137, 132, 1106);
INSERT into DefaultDeliveryStop (id, default_route_id, geo_loc_id) values(852, 061, 825);
INSERT into DefaultDeliveryStop (id, default_route_id, geo_loc_id) values(53, 132, 51);
INSERT into DefaultDeliveryStop (id, default_route_id, geo_loc_id) values(994, 052, 964);
INSERT into DefaultDeliveryStop (id, default_route_id, geo_loc_id) values(650, 130, 627);
INSERT into DefaultDeliveryStop (id, default_route_id, geo_loc_id) values(1226, 073, 1191);
INSERT into DefaultDeliveryStop (id, default_route_id, geo_loc_id) values(175, 113, 169);
INSERT into DefaultDeliveryStop (id, default_route_id, geo_loc_id) values(673, 091, 648);
INSERT into DefaultDeliveryStop (id, default_route_id, geo_loc_id) values(1008, 043, 978);
INSERT into DefaultDeliveryStop (id, default_route_id, geo_loc_id) values(858, 061, 831);
INSERT into DefaultDeliveryStop (id, default_route_id, geo_loc_id) values(953, 024, 925);
INSERT into DefaultDeliveryStop (id, default_route_id, geo_loc_id) values(864, 061, 837);
INSERT into DefaultDeliveryStop (id, default_route_id, geo_loc_id) values(834, 010, 807);
INSERT into DefaultDeliveryStop (id, default_route_id, geo_loc_id) values(712, 073, 686);
INSERT into DefaultDeliveryStop (id, default_route_id, geo_loc_id) values(665, 041, 640);
INSERT into DefaultDeliveryStop (id, default_route_id, geo_loc_id) values(738, 011, 711);
INSERT into DefaultDeliveryStop (id, default_route_id, geo_loc_id) values(1208, 051, 1173);
INSERT into DefaultDeliveryStop (id, default_route_id, geo_loc_id) values(521, 021, 501);
INSERT into DefaultDeliveryStop (id, default_route_id, geo_loc_id) values(282, 071, 270);
INSERT into DefaultDeliveryStop (id, default_route_id, geo_loc_id) values(157, 040, 151);
INSERT into DefaultDeliveryStop (id, default_route_id, geo_loc_id) values(515, 091, 495);
INSERT into DefaultDeliveryStop (id, default_route_id, geo_loc_id) values(96, 110, 91);
INSERT into DefaultDeliveryStop (id, default_route_id, geo_loc_id) values(538, 041, 518);
INSERT into DefaultDeliveryStop (id, default_route_id, geo_loc_id) values(1272, 021, 1226);
INSERT into DefaultDeliveryStop (id, default_route_id, geo_loc_id) values(564, 050, 543);
INSERT into DefaultDeliveryStop (id, default_route_id, geo_loc_id) values(311, 051, 299);
INSERT into DefaultDeliveryStop (id, default_route_id, geo_loc_id) values(272, 052, 260);
INSERT into DefaultDeliveryStop (id, default_route_id, geo_loc_id) values(1103, 023, 1073);
INSERT into DefaultDeliveryStop (id, default_route_id, geo_loc_id) values(395, 140, 380);
INSERT into DefaultDeliveryStop (id, default_route_id, geo_loc_id) values(1143, 122, 1112);
INSERT into DefaultDeliveryStop (id, default_route_id, geo_loc_id) values(962, 080, 934);
INSERT into DefaultDeliveryStop (id, default_route_id, geo_loc_id) values(69, 112, 67);
INSERT into DefaultDeliveryStop (id, default_route_id, geo_loc_id) values(288, 151, 276);
INSERT into DefaultDeliveryStop (id, default_route_id, geo_loc_id) values(1101, 101, 1071);
INSERT into DefaultDeliveryStop (id, default_route_id, geo_loc_id) values(452, 061, 436);
INSERT into DefaultDeliveryStop (id, default_route_id, geo_loc_id) values(87, 091, 82);
INSERT into DefaultDeliveryStop (id, default_route_id, geo_loc_id) values(358, 071, 346);
INSERT into DefaultDeliveryStop (id, default_route_id, geo_loc_id) values(450, 061, 434);
INSERT into DefaultDeliveryStop (id, default_route_id, geo_loc_id) values(279, 122, 267);
INSERT into DefaultDeliveryStop (id, default_route_id, geo_loc_id) values(1123, 501, 1093);
INSERT into DefaultDeliveryStop (id, default_route_id, geo_loc_id) values(465, 600, 448);
INSERT into DefaultDeliveryStop (id, default_route_id, geo_loc_id) values(1283, 140, 1237);
INSERT into DefaultDeliveryStop (id, default_route_id, geo_loc_id) values(1060, 101, 1030);
INSERT into DefaultDeliveryStop (id, default_route_id, geo_loc_id) values(371, 093, 357);
INSERT into DefaultDeliveryStop (id, default_route_id, geo_loc_id) values(462, 101, 446);
INSERT into DefaultDeliveryStop (id, default_route_id, geo_loc_id) values(1240, 083, 1202);
INSERT into DefaultDeliveryStop (id, default_route_id, geo_loc_id) values(284, 080, 272);
INSERT into DefaultDeliveryStop (id, default_route_id, geo_loc_id) values(378, 021, 363);
INSERT into DefaultDeliveryStop (id, default_route_id, geo_loc_id) values(489, 133, 472);
INSERT into DefaultDeliveryStop (id, default_route_id, geo_loc_id) values(1170, 120, 1139);
INSERT into DefaultDeliveryStop (id, default_route_id, geo_loc_id) values(879, 061, 852);
INSERT into DefaultDeliveryStop (id, default_route_id, geo_loc_id) values(1036, 010, 1006);
INSERT into DefaultDeliveryStop (id, default_route_id, geo_loc_id) values(924, 015, 896);
INSERT into DefaultDeliveryStop (id, default_route_id, geo_loc_id) values(717, 080, 691);
INSERT into DefaultDeliveryStop (id, default_route_id, geo_loc_id) values(567, 131, 546);
INSERT into DefaultDeliveryStop (id, default_route_id, geo_loc_id) values(90, 101, 85);
INSERT into DefaultDeliveryStop (id, default_route_id, geo_loc_id) values(629, 110, 608);
INSERT into DefaultDeliveryStop (id, default_route_id, geo_loc_id) values(684, 600, 658);
INSERT into DefaultDeliveryStop (id, default_route_id, geo_loc_id) values(890, 014, 863);
INSERT into DefaultDeliveryStop (id, default_route_id, geo_loc_id) values(223, 060, 213);
INSERT into DefaultDeliveryStop (id, default_route_id, geo_loc_id) values(1252, 052, 1213);
INSERT into DefaultDeliveryStop (id, default_route_id, geo_loc_id) values(1341, 093, 1288);
INSERT into DefaultDeliveryStop (id, default_route_id, geo_loc_id) values(821, 014, 794);
INSERT into DefaultDeliveryStop (id, default_route_id, geo_loc_id) values(970, 123, 942);
INSERT into DefaultDeliveryStop (id, default_route_id, geo_loc_id) values(859, 061, 832);
INSERT into DefaultDeliveryStop (id, default_route_id, geo_loc_id) values(1044, 144, 1014);
INSERT into DefaultDeliveryStop (id, default_route_id, geo_loc_id) values(1184, 133, 1151);
INSERT into DefaultDeliveryStop (id, default_route_id, geo_loc_id) values(1348, 140, 1293);
INSERT into DefaultDeliveryStop (id, default_route_id, geo_loc_id) values(1129, 082, 1098);
INSERT into DefaultDeliveryStop (id, default_route_id, geo_loc_id) values(112, 063, 107);
INSERT into DefaultDeliveryStop (id, default_route_id, geo_loc_id) values(1204, 023, 1169);
INSERT into DefaultDeliveryStop (id, default_route_id, geo_loc_id) values(1342, 010, 7);
INSERT into DefaultDeliveryStop (id, default_route_id, geo_loc_id) values(975, 001, 947);
INSERT into DefaultDeliveryStop (id, default_route_id, geo_loc_id) values(747, 013, 720);
INSERT into DefaultDeliveryStop (id, default_route_id, geo_loc_id) values(139, 092, 133);
INSERT into DefaultDeliveryStop (id, default_route_id, geo_loc_id) values(1262, 501, 1217);
INSERT into DefaultDeliveryStop (id, default_route_id, geo_loc_id) values(815, 014, 788);
INSERT into DefaultDeliveryStop (id, default_route_id, geo_loc_id) values(196, 082, 188);
INSERT into DefaultDeliveryStop (id, default_route_id, geo_loc_id) values(222, 091, 212);
INSERT into DefaultDeliveryStop (id, default_route_id, geo_loc_id) values(510, 151, 490);
INSERT into DefaultDeliveryStop (id, default_route_id, geo_loc_id) values(565, 080, 544);
INSERT into DefaultDeliveryStop (id, default_route_id, geo_loc_id) values(49, 132, 47);
INSERT into DefaultDeliveryStop (id, default_route_id, geo_loc_id) values(664, 031, 639);
INSERT into DefaultDeliveryStop (id, default_route_id, geo_loc_id) values(60, 063, 58);
INSERT into DefaultDeliveryStop (id, default_route_id, geo_loc_id) values(337, 020, 325);
INSERT into DefaultDeliveryStop (id, default_route_id, geo_loc_id) values(106, 071, 101);
INSERT into DefaultDeliveryStop (id, default_route_id, geo_loc_id) values(1004, 020, 974);
INSERT into DefaultDeliveryStop (id, default_route_id, geo_loc_id) values(51, 132, 49);
INSERT into DefaultDeliveryStop (id, default_route_id, geo_loc_id) values(301, 130, 289);
INSERT into DefaultDeliveryStop (id, default_route_id, geo_loc_id) values(38, 110, 36);
INSERT into DefaultDeliveryStop (id, default_route_id, geo_loc_id) values(765, 012, 738);
INSERT into DefaultDeliveryStop (id, default_route_id, geo_loc_id) values(211, 041, 201);
INSERT into DefaultDeliveryStop (id, default_route_id, geo_loc_id) values(344, 093, 332);
INSERT into DefaultDeliveryStop (id, default_route_id, geo_loc_id) values(360, 110, 348);
INSERT into DefaultDeliveryStop (id, default_route_id, geo_loc_id) values(289, 060, 277);
INSERT into DefaultDeliveryStop (id, default_route_id, geo_loc_id) values(888, 092, 861);
INSERT into DefaultDeliveryStop (id, default_route_id, geo_loc_id) values(304, 092, 292);
INSERT into DefaultDeliveryStop (id, default_route_id, geo_loc_id) values(102, 080, 97);
INSERT into DefaultDeliveryStop (id, default_route_id, geo_loc_id) values(230, 505, 219);
INSERT into DefaultDeliveryStop (id, default_route_id, geo_loc_id) values(980, 111, 952);
INSERT into DefaultDeliveryStop (id, default_route_id, geo_loc_id) values(1031, 071, 1001);
INSERT into DefaultDeliveryStop (id, default_route_id, geo_loc_id) values(590, 141, 569);
INSERT into DefaultDeliveryStop (id, default_route_id, geo_loc_id) values(24, 094, 22);
INSERT into DefaultDeliveryStop (id, default_route_id, geo_loc_id) values(804, 010, 777);
INSERT into DefaultDeliveryStop (id, default_route_id, geo_loc_id) values(1319, 031, 1272);
INSERT into DefaultDeliveryStop (id, default_route_id, geo_loc_id) values(1058, 121, 1028);
INSERT into DefaultDeliveryStop (id, default_route_id, geo_loc_id) values(903, 014, 875);
INSERT into DefaultDeliveryStop (id, default_route_id, geo_loc_id) values(430, 131, 414);
INSERT into DefaultDeliveryStop (id, default_route_id, geo_loc_id) values(314, 023, 302);
INSERT into DefaultDeliveryStop (id, default_route_id, geo_loc_id) values(291, 080, 279);
INSERT into DefaultDeliveryStop (id, default_route_id, geo_loc_id) values(1194, 800, 1159);
INSERT into DefaultDeliveryStop (id, default_route_id, geo_loc_id) values(880, 061, 853);
INSERT into DefaultDeliveryStop (id, default_route_id, geo_loc_id) values(343, 502, 331);
INSERT into DefaultDeliveryStop (id, default_route_id, geo_loc_id) values(1235, 050, 1198);
INSERT into DefaultDeliveryStop (id, default_route_id, geo_loc_id) values(1222, 020, 1187);
INSERT into DefaultDeliveryStop (id, default_route_id, geo_loc_id) values(1, 052, 1);
INSERT into DefaultDeliveryStop (id, default_route_id, geo_loc_id) values(16, 093, 16);
INSERT into DefaultDeliveryStop (id, default_route_id, geo_loc_id) values(180, 152, 174);
INSERT into DefaultDeliveryStop (id, default_route_id, geo_loc_id) values(981, 122, 17);
INSERT into DefaultDeliveryStop (id, default_route_id, geo_loc_id) values(228, 081, 13);
INSERT into DefaultDeliveryStop (id, default_route_id, geo_loc_id) values(1229, 060, 936);
INSERT into DefaultDeliveryStop (id, default_route_id, geo_loc_id) values(1155, 031, 1124);
INSERT into DefaultDeliveryStop (id, default_route_id, geo_loc_id) values(361, 600, 349);
INSERT into DefaultDeliveryStop (id, default_route_id, geo_loc_id) values(392, 094, 377);
INSERT into DefaultDeliveryStop (id, default_route_id, geo_loc_id) values(1142, 060, 1111);
INSERT into DefaultDeliveryStop (id, default_route_id, geo_loc_id) values(158, 103, 152);
INSERT into DefaultDeliveryStop (id, default_route_id, geo_loc_id) values(771, 012, 744);
INSERT into DefaultDeliveryStop (id, default_route_id, geo_loc_id) values(626, 021, 605);
INSERT into DefaultDeliveryStop (id, default_route_id, geo_loc_id) values(1304, 140, 1257);
INSERT into DefaultDeliveryStop (id, default_route_id, geo_loc_id) values(787, 012, 760);
INSERT into DefaultDeliveryStop (id, default_route_id, geo_loc_id) values(969, 144, 941);
INSERT into DefaultDeliveryStop (id, default_route_id, geo_loc_id) values(722, 070, 695);
INSERT into DefaultDeliveryStop (id, default_route_id, geo_loc_id) values(312, 111, 300);
INSERT into DefaultDeliveryStop (id, default_route_id, geo_loc_id) values(410, 124, 395);
INSERT into DefaultDeliveryStop (id, default_route_id, geo_loc_id) values(1344, 121, 1290);
INSERT into DefaultDeliveryStop (id, default_route_id, geo_loc_id) values(296, 094, 284);
INSERT into DefaultDeliveryStop (id, default_route_id, geo_loc_id) values(563, 023, 542);
INSERT into DefaultDeliveryStop (id, default_route_id, geo_loc_id) values(589, 073, 568);
INSERT into DefaultDeliveryStop (id, default_route_id, geo_loc_id) values(1112, 141, 1082);
INSERT into DefaultDeliveryStop (id, default_route_id, geo_loc_id) values(1160, 102, 1129);
INSERT into DefaultDeliveryStop (id, default_route_id, geo_loc_id) values(497, 031, 477);
INSERT into DefaultDeliveryStop (id, default_route_id, geo_loc_id) values(1003, 060, 973);
INSERT into DefaultDeliveryStop (id, default_route_id, geo_loc_id) values(1165, 092, 1134);
INSERT into DefaultDeliveryStop (id, default_route_id, geo_loc_id) values(1019, 030, 989);
INSERT into DefaultDeliveryStop (id, default_route_id, geo_loc_id) values(172, 131, 166);
INSERT into DefaultDeliveryStop (id, default_route_id, geo_loc_id) values(1132, 013, 1101);
INSERT into DefaultDeliveryStop (id, default_route_id, geo_loc_id) values(67, 101, 65);
INSERT into DefaultDeliveryStop (id, default_route_id, geo_loc_id) values(1094, 113, 1064);
INSERT into DefaultDeliveryStop (id, default_route_id, geo_loc_id) values(28, 021, 26);
INSERT into DefaultDeliveryStop (id, default_route_id, geo_loc_id) values(637, 091, 616);
INSERT into DefaultDeliveryStop (id, default_route_id, geo_loc_id) values(689, 132, 663);
INSERT into DefaultDeliveryStop (id, default_route_id, geo_loc_id) values(1151, 040, 1120);
INSERT into DefaultDeliveryStop (id, default_route_id, geo_loc_id) values(552, 073, 532);
INSERT into DefaultDeliveryStop (id, default_route_id, geo_loc_id) values(584, 080, 563);
INSERT into DefaultDeliveryStop (id, default_route_id, geo_loc_id) values(1339, 124, 1287);
INSERT into DefaultDeliveryStop (id, default_route_id, geo_loc_id) values(715, 094, 689);
INSERT into DefaultDeliveryStop (id, default_route_id, geo_loc_id) values(574, 061, 553);
INSERT into DefaultDeliveryStop (id, default_route_id, geo_loc_id) values(847, 061, 820);
INSERT into DefaultDeliveryStop (id, default_route_id, geo_loc_id) values(174, 133, 168);
INSERT into DefaultDeliveryStop (id, default_route_id, geo_loc_id) values(1043, 051, 1013);
INSERT into DefaultDeliveryStop (id, default_route_id, geo_loc_id) values(403, 130, 388);
INSERT into DefaultDeliveryStop (id, default_route_id, geo_loc_id) values(1124, 110, 1094);
INSERT into DefaultDeliveryStop (id, default_route_id, geo_loc_id) values(266, 143, 254);
INSERT into DefaultDeliveryStop (id, default_route_id, geo_loc_id) values(65, 031, 63);
INSERT into DefaultDeliveryStop (id, default_route_id, geo_loc_id) values(363, 112, 351);
INSERT into DefaultDeliveryStop (id, default_route_id, geo_loc_id) values(916, 014, 888);
INSERT into DefaultDeliveryStop (id, default_route_id, geo_loc_id) values(149, 111, 143);
INSERT into DefaultDeliveryStop (id, default_route_id, geo_loc_id) values(10, 103, 10);
INSERT into DefaultDeliveryStop (id, default_route_id, geo_loc_id) values(537, 100, 517);
INSERT into DefaultDeliveryStop (id, default_route_id, geo_loc_id) values(419, 001, 404);
INSERT into DefaultDeliveryStop (id, default_route_id, geo_loc_id) values(653, 091, 630);
INSERT into DefaultDeliveryStop (id, default_route_id, geo_loc_id) values(183, 600, 4);
INSERT into DefaultDeliveryStop (id, default_route_id, geo_loc_id) values(1256, 024, 1215);
INSERT into DefaultDeliveryStop (id, default_route_id, geo_loc_id) values(736, 013, 709);
INSERT into DefaultDeliveryStop (id, default_route_id, geo_loc_id) values(205, 600, 196);
INSERT into DefaultDeliveryStop (id, default_route_id, geo_loc_id) values(151, 041, 145);
INSERT into DefaultDeliveryStop (id, default_route_id, geo_loc_id) values(1295, 042, 1248);
INSERT into DefaultDeliveryStop (id, default_route_id, geo_loc_id) values(201, 082, 193);
INSERT into DefaultDeliveryStop (id, default_route_id, geo_loc_id) values(533, 132, 513);
INSERT into DefaultDeliveryStop (id, default_route_id, geo_loc_id) values(128, 144, 122);
INSERT into DefaultDeliveryStop (id, default_route_id, geo_loc_id) values(746, 013, 719);
INSERT into DefaultDeliveryStop (id, default_route_id, geo_loc_id) values(1074, 041, 1044);
INSERT into DefaultDeliveryStop (id, default_route_id, geo_loc_id) values(209, 113, 199);
INSERT into DefaultDeliveryStop (id, default_route_id, geo_loc_id) values(1228, 600, 1192);
INSERT into DefaultDeliveryStop (id, default_route_id, geo_loc_id) values(835, 010, 808);
INSERT into DefaultDeliveryStop (id, default_route_id, geo_loc_id) values(75, 093, 71);
INSERT into DefaultDeliveryStop (id, default_route_id, geo_loc_id) values(1038, 092, 1008);
INSERT into DefaultDeliveryStop (id, default_route_id, geo_loc_id) values(1026, 073, 996);
INSERT into DefaultDeliveryStop (id, default_route_id, geo_loc_id) values(1221, 131, 1186);
INSERT into DefaultDeliveryStop (id, default_route_id, geo_loc_id) values(865, 061, 838);
INSERT into DefaultDeliveryStop (id, default_route_id, geo_loc_id) values(1166, 093, 1135);
INSERT into DefaultDeliveryStop (id, default_route_id, geo_loc_id) values(384, 110, 369);
INSERT into DefaultDeliveryStop (id, default_route_id, geo_loc_id) values(803, 010, 776);
INSERT into DefaultDeliveryStop (id, default_route_id, geo_loc_id) values(1270, 151, 1224);
INSERT into DefaultDeliveryStop (id, default_route_id, geo_loc_id) values(30, 110, 28);
INSERT into DefaultDeliveryStop (id, default_route_id, geo_loc_id) values(979, 111, 951);
INSERT into DefaultDeliveryStop (id, default_route_id, geo_loc_id) values(471, 363, 454);
INSERT into DefaultDeliveryStop (id, default_route_id, geo_loc_id) values(1327, 071, 1278);
INSERT into DefaultDeliveryStop (id, default_route_id, geo_loc_id) values(783, 011, 756);
INSERT into DefaultDeliveryStop (id, default_route_id, geo_loc_id) values(202, 092, 194);
INSERT into DefaultDeliveryStop (id, default_route_id, geo_loc_id) values(1179, 144, 1147);
INSERT into DefaultDeliveryStop (id, default_route_id, geo_loc_id) values(1181, 083, 1149);
INSERT into DefaultDeliveryStop (id, default_route_id, geo_loc_id) values(1238, 001, 1200);
INSERT into DefaultDeliveryStop (id, default_route_id, geo_loc_id) values(155, 070, 149);
INSERT into DefaultDeliveryStop (id, default_route_id, geo_loc_id) values(212, 090, 202);
INSERT into DefaultDeliveryStop (id, default_route_id, geo_loc_id) values(345, 030, 333);
INSERT into DefaultDeliveryStop (id, default_route_id, geo_loc_id) values(305, 051, 293);
INSERT into DefaultDeliveryStop (id, default_route_id, geo_loc_id) values(469, 112, 452);
INSERT into DefaultDeliveryStop (id, default_route_id, geo_loc_id) values(1298, 021, 1251);
INSERT into DefaultDeliveryStop (id, default_route_id, geo_loc_id) values(184, 133, 177);
INSERT into DefaultDeliveryStop (id, default_route_id, geo_loc_id) values(17, 131, 17);
INSERT into DefaultDeliveryStop (id, default_route_id, geo_loc_id) values(728, 092, 701);
INSERT into DefaultDeliveryStop (id, default_route_id, geo_loc_id) values(218, 001, 208);
INSERT into DefaultDeliveryStop (id, default_route_id, geo_loc_id) values(1001, 112, 971);
INSERT into DefaultDeliveryStop (id, default_route_id, geo_loc_id) values(1082, 070, 1052);
INSERT into DefaultDeliveryStop (id, default_route_id, geo_loc_id) values(1159, 130, 1128);
INSERT into DefaultDeliveryStop (id, default_route_id, geo_loc_id) values(582, 043, 561);
INSERT into DefaultDeliveryStop (id, default_route_id, geo_loc_id) values(608, 060, 587);
INSERT into DefaultDeliveryStop (id, default_route_id, geo_loc_id) values(21, 600, 20);
INSERT into DefaultDeliveryStop (id, default_route_id, geo_loc_id) values(1049, 052, 1019);
INSERT into DefaultDeliveryStop (id, default_route_id, geo_loc_id) values(974, 131, 946);
INSERT into DefaultDeliveryStop (id, default_route_id, geo_loc_id) values(511, 112, 491);
INSERT into DefaultDeliveryStop (id, default_route_id, geo_loc_id) values(999, 101, 969);
INSERT into DefaultDeliveryStop (id, default_route_id, geo_loc_id) values(1133, 504, 1102);
INSERT into DefaultDeliveryStop (id, default_route_id, geo_loc_id) values(1152, 102, 1121);
INSERT into DefaultDeliveryStop (id, default_route_id, geo_loc_id) values(556, 093, 535);
INSERT into DefaultDeliveryStop (id, default_route_id, geo_loc_id) values(299, 082, 287);
INSERT into DefaultDeliveryStop (id, default_route_id, geo_loc_id) values(1254, 091, 1214);
INSERT into DefaultDeliveryStop (id, default_route_id, geo_loc_id) values(42, 031, 40);
INSERT into DefaultDeliveryStop (id, default_route_id, geo_loc_id) values(920, 015, 892);
INSERT into DefaultDeliveryStop (id, default_route_id, geo_loc_id) values(356, 080, 344);
INSERT into DefaultDeliveryStop (id, default_route_id, geo_loc_id) values(476, 131, 459);
INSERT into DefaultDeliveryStop (id, default_route_id, geo_loc_id) values(542, 063, 522);
INSERT into DefaultDeliveryStop (id, default_route_id, geo_loc_id) values(586, 141, 565);
INSERT into DefaultDeliveryStop (id, default_route_id, geo_loc_id) values(457, 103, 441);
INSERT into DefaultDeliveryStop (id, default_route_id, geo_loc_id) values(369, 051, 354);
INSERT into DefaultDeliveryStop (id, default_route_id, geo_loc_id) values(674, 140, 649);
INSERT into DefaultDeliveryStop (id, default_route_id, geo_loc_id) values(253, 020, 241);
INSERT into DefaultDeliveryStop (id, default_route_id, geo_loc_id) values(71, 600, 68);
INSERT into DefaultDeliveryStop (id, default_route_id, geo_loc_id) values(444, 061, 428);
INSERT into DefaultDeliveryStop (id, default_route_id, geo_loc_id) values(759, 013, 732);
INSERT into DefaultDeliveryStop (id, default_route_id, geo_loc_id) values(1046, 030, 1016);
INSERT into DefaultDeliveryStop (id, default_route_id, geo_loc_id) values(1149, 102, 1118);
INSERT into DefaultDeliveryStop (id, default_route_id, geo_loc_id) values(997, 063, 967);
INSERT into DefaultDeliveryStop (id, default_route_id, geo_loc_id) values(633, 082, 612);
INSERT into DefaultDeliveryStop (id, default_route_id, geo_loc_id) values(824, 012, 797);
INSERT into DefaultDeliveryStop (id, default_route_id, geo_loc_id) values(655, 073, 632);
INSERT into DefaultDeliveryStop (id, default_route_id, geo_loc_id) values(1276, 051, 1230);
INSERT into DefaultDeliveryStop (id, default_route_id, geo_loc_id) values(1219, 151, 1184);
INSERT into DefaultDeliveryStop (id, default_route_id, geo_loc_id) values(94, 091, 89);
INSERT into DefaultDeliveryStop (id, default_route_id, geo_loc_id) values(1023, 052, 993);
INSERT into DefaultDeliveryStop (id, default_route_id, geo_loc_id) values(1064, 042, 1034);
INSERT into DefaultDeliveryStop (id, default_route_id, geo_loc_id) values(119, 133, 113);
INSERT into DefaultDeliveryStop (id, default_route_id, geo_loc_id) values(143, 111, 137);
INSERT into DefaultDeliveryStop (id, default_route_id, geo_loc_id) values(500, 502, 480);
INSERT into DefaultDeliveryStop (id, default_route_id, geo_loc_id) values(1312, 031, 1265);
INSERT into DefaultDeliveryStop (id, default_route_id, geo_loc_id) values(1080, 100, 1050);
INSERT into DefaultDeliveryStop (id, default_route_id, geo_loc_id) values(518, 110, 498);
INSERT into DefaultDeliveryStop (id, default_route_id, geo_loc_id) values(1332, 050, 1283);
INSERT into DefaultDeliveryStop (id, default_route_id, geo_loc_id) values(959, 070, 931);
INSERT into DefaultDeliveryStop (id, default_route_id, geo_loc_id) values(561, 082, 540);
INSERT into DefaultDeliveryStop (id, default_route_id, geo_loc_id) values(756, 013, 729);
INSERT into DefaultDeliveryStop (id, default_route_id, geo_loc_id) values(1169, 124, 1138);
INSERT into DefaultDeliveryStop (id, default_route_id, geo_loc_id) values(854, 061, 827);
INSERT into DefaultDeliveryStop (id, default_route_id, geo_loc_id) values(248, 063, 236);
INSERT into DefaultDeliveryStop (id, default_route_id, geo_loc_id) values(984, 091, 954);
INSERT into DefaultDeliveryStop (id, default_route_id, geo_loc_id) values(861, 061, 834);
INSERT into DefaultDeliveryStop (id, default_route_id, geo_loc_id) values(690, 100, 664);
INSERT into DefaultDeliveryStop (id, default_route_id, geo_loc_id) values(259, 111, 247);
INSERT into DefaultDeliveryStop (id, default_route_id, geo_loc_id) values(1196, 101, 1161);
INSERT into DefaultDeliveryStop (id, default_route_id, geo_loc_id) values(493, 080, 475);
INSERT into DefaultDeliveryStop (id, default_route_id, geo_loc_id) values(213, 124, 203);
INSERT into DefaultDeliveryStop (id, default_route_id, geo_loc_id) values(832, 010, 805);
INSERT into DefaultDeliveryStop (id, default_route_id, geo_loc_id) values(764, 012, 737);
INSERT into DefaultDeliveryStop (id, default_route_id, geo_loc_id) values(25, 091, 23);
INSERT into DefaultDeliveryStop (id, default_route_id, geo_loc_id) values(531, 090, 511);
INSERT into DefaultDeliveryStop (id, default_route_id, geo_loc_id) values(246, 080, 234);
INSERT into DefaultDeliveryStop (id, default_route_id, geo_loc_id) values(394, 102, 379);
INSERT into DefaultDeliveryStop (id, default_route_id, geo_loc_id) values(856, 061, 829);
INSERT into DefaultDeliveryStop (id, default_route_id, geo_loc_id) values(1157, 120, 1126);
INSERT into DefaultDeliveryStop (id, default_route_id, geo_loc_id) values(900, 015, 872);
INSERT into DefaultDeliveryStop (id, default_route_id, geo_loc_id) values(1299, 031, 1252);
INSERT into DefaultDeliveryStop (id, default_route_id, geo_loc_id) values(491, 080, 473);
INSERT into DefaultDeliveryStop (id, default_route_id, geo_loc_id) values(1239, 143, 1201);
INSERT into DefaultDeliveryStop (id, default_route_id, geo_loc_id) values(160, 040, 154);
INSERT into DefaultDeliveryStop (id, default_route_id, geo_loc_id) values(74, 021, 70);
INSERT into DefaultDeliveryStop (id, default_route_id, geo_loc_id) values(1100, 101, 1070);
INSERT into DefaultDeliveryStop (id, default_route_id, geo_loc_id) values(691, 080, 665);
INSERT into DefaultDeliveryStop (id, default_route_id, geo_loc_id) values(1333, 073, 1284);
INSERT into DefaultDeliveryStop (id, default_route_id, geo_loc_id) values(902, 015, 874);
INSERT into DefaultDeliveryStop (id, default_route_id, geo_loc_id) values(754, 082, 727);
INSERT into DefaultDeliveryStop (id, default_route_id, geo_loc_id) values(849, 061, 822);
INSERT into DefaultDeliveryStop (id, default_route_id, geo_loc_id) values(329, 094, 317);
INSERT into DefaultDeliveryStop (id, default_route_id, geo_loc_id) values(1182, 131, 1150);
INSERT into DefaultDeliveryStop (id, default_route_id, geo_loc_id) values(575, 061, 554);
INSERT into DefaultDeliveryStop (id, default_route_id, geo_loc_id) values(1275, 030, 1229);
INSERT into DefaultDeliveryStop (id, default_route_id, geo_loc_id) values(97, 052, 92);
INSERT into DefaultDeliveryStop (id, default_route_id, geo_loc_id) values(26, 030, 24);
INSERT into DefaultDeliveryStop (id, default_route_id, geo_loc_id) values(375, 244, 360);
INSERT into DefaultDeliveryStop (id, default_route_id, geo_loc_id) values(134, 071, 128);
INSERT into DefaultDeliveryStop (id, default_route_id, geo_loc_id) values(919, 015, 891);
INSERT into DefaultDeliveryStop (id, default_route_id, geo_loc_id) values(739, 011, 712);
INSERT into DefaultDeliveryStop (id, default_route_id, geo_loc_id) values(892, 013, 865);
INSERT into DefaultDeliveryStop (id, default_route_id, geo_loc_id) values(876, 061, 849);
INSERT into DefaultDeliveryStop (id, default_route_id, geo_loc_id) values(45, 023, 43);
INSERT into DefaultDeliveryStop (id, default_route_id, geo_loc_id) values(936, 014, 908);
INSERT into DefaultDeliveryStop (id, default_route_id, geo_loc_id) values(453, 061, 437);
INSERT into DefaultDeliveryStop (id, default_route_id, geo_loc_id) values(1090, 020, 1060);
INSERT into DefaultDeliveryStop (id, default_route_id, geo_loc_id) values(432, 061, 416);
INSERT into DefaultDeliveryStop (id, default_route_id, geo_loc_id) values(612, 100, 591);
INSERT into DefaultDeliveryStop (id, default_route_id, geo_loc_id) values(350, 140, 338);
INSERT into DefaultDeliveryStop (id, default_route_id, geo_loc_id) values(711, 111, 685);
INSERT into DefaultDeliveryStop (id, default_route_id, geo_loc_id) values(831, 010, 804);
INSERT into DefaultDeliveryStop (id, default_route_id, geo_loc_id) values(741, 011, 714);
INSERT into DefaultDeliveryStop (id, default_route_id, geo_loc_id) values(705, 001, 679);
INSERT into DefaultDeliveryStop (id, default_route_id, geo_loc_id) values(940, 014, 912);
INSERT into DefaultDeliveryStop (id, default_route_id, geo_loc_id) values(1326, 042, 1277);
INSERT into DefaultDeliveryStop (id, default_route_id, geo_loc_id) values(399, 051, 384);
INSERT into DefaultDeliveryStop (id, default_route_id, geo_loc_id) values(249, 111, 237);
INSERT into DefaultDeliveryStop (id, default_route_id, geo_loc_id) values(44, 505, 42);
INSERT into DefaultDeliveryStop (id, default_route_id, geo_loc_id) values(348, 124, 336);
INSERT into DefaultDeliveryStop (id, default_route_id, geo_loc_id) values(242, 504, 230);
INSERT into DefaultDeliveryStop (id, default_route_id, geo_loc_id) values(193, 122, 185);
INSERT into DefaultDeliveryStop (id, default_route_id, geo_loc_id) values(505, 063, 485);
INSERT into DefaultDeliveryStop (id, default_route_id, geo_loc_id) values(694, 143, 668);
INSERT into DefaultDeliveryStop (id, default_route_id, geo_loc_id) values(1078, 094, 1048);
INSERT into DefaultDeliveryStop (id, default_route_id, geo_loc_id) values(125, 111, 119);
INSERT into DefaultDeliveryStop (id, default_route_id, geo_loc_id) values(921, 015, 893);
INSERT into DefaultDeliveryStop (id, default_route_id, geo_loc_id) values(142, 143, 136);
INSERT into DefaultDeliveryStop (id, default_route_id, geo_loc_id) values(1192, 084, 652);
INSERT into DefaultDeliveryStop (id, default_route_id, geo_loc_id) values(544, 092, 524);
INSERT into DefaultDeliveryStop (id, default_route_id, geo_loc_id) values(613, 020, 592);
INSERT into DefaultDeliveryStop (id, default_route_id, geo_loc_id) values(1244, 080, 1206);
INSERT into DefaultDeliveryStop (id, default_route_id, geo_loc_id) values(1336, 040, 1286);
INSERT into DefaultDeliveryStop (id, default_route_id, geo_loc_id) values(417, 043, 402);
INSERT into DefaultDeliveryStop (id, default_route_id, geo_loc_id) values(569, 001, 548);
INSERT into DefaultDeliveryStop (id, default_route_id, geo_loc_id) values(868, 061, 841);
INSERT into DefaultDeliveryStop (id, default_route_id, geo_loc_id) values(1313, 082, 1266);
INSERT into DefaultDeliveryStop (id, default_route_id, geo_loc_id) values(479, 130, 462);
INSERT into DefaultDeliveryStop (id, default_route_id, geo_loc_id) values(772, 012, 745);
INSERT into DefaultDeliveryStop (id, default_route_id, geo_loc_id) values(487, 151, 470);
INSERT into DefaultDeliveryStop (id, default_route_id, geo_loc_id) values(1092, 020, 1062);
INSERT into DefaultDeliveryStop (id, default_route_id, geo_loc_id) values(1212, 111, 1177);
INSERT into DefaultDeliveryStop (id, default_route_id, geo_loc_id) values(52, 031, 50);
INSERT into DefaultDeliveryStop (id, default_route_id, geo_loc_id) values(1018, 100, 988);
INSERT into DefaultDeliveryStop (id, default_route_id, geo_loc_id) values(909, 015, 881);
INSERT into DefaultDeliveryStop (id, default_route_id, geo_loc_id) values(566, 124, 545);
INSERT into DefaultDeliveryStop (id, default_route_id, geo_loc_id) values(839, 010, 812);
INSERT into DefaultDeliveryStop (id, default_route_id, geo_loc_id) values(27, 063, 25);
INSERT into DefaultDeliveryStop (id, default_route_id, geo_loc_id) values(871, 061, 844);
INSERT into DefaultDeliveryStop (id, default_route_id, geo_loc_id) values(976, 083, 948);
INSERT into DefaultDeliveryStop (id, default_route_id, geo_loc_id) values(640, 112, 619);
INSERT into DefaultDeliveryStop (id, default_route_id, geo_loc_id) values(1225, 140, 1190);
INSERT into DefaultDeliveryStop (id, default_route_id, geo_loc_id) values(946, 123, 918);
INSERT into DefaultDeliveryStop (id, default_route_id, geo_loc_id) values(777, 012, 750);
INSERT into DefaultDeliveryStop (id, default_route_id, geo_loc_id) values(1061, 144, 1031);
INSERT into DefaultDeliveryStop (id, default_route_id, geo_loc_id) values(535, 023, 515);
INSERT into DefaultDeliveryStop (id, default_route_id, geo_loc_id) values(1224, 020, 1189);
INSERT into DefaultDeliveryStop (id, default_route_id, geo_loc_id) values(277, 111, 265);
INSERT into DefaultDeliveryStop (id, default_route_id, geo_loc_id) values(825, 012, 798);
INSERT into DefaultDeliveryStop (id, default_route_id, geo_loc_id) values(507, 050, 487);
INSERT into DefaultDeliveryStop (id, default_route_id, geo_loc_id) values(116, 132, 111);
INSERT into DefaultDeliveryStop (id, default_route_id, geo_loc_id) values(77, 052, 73);
INSERT into DefaultDeliveryStop (id, default_route_id, geo_loc_id) values(366, 143, 354);
INSERT into DefaultDeliveryStop (id, default_route_id, geo_loc_id) values(483, 101, 466);
INSERT into DefaultDeliveryStop (id, default_route_id, geo_loc_id) values(568, 100, 547);
INSERT into DefaultDeliveryStop (id, default_route_id, geo_loc_id) values(1051, 132, 1021);
INSERT into DefaultDeliveryStop (id, default_route_id, geo_loc_id) values(468, 060, 451);
INSERT into DefaultDeliveryStop (id, default_route_id, geo_loc_id) values(268, 120, 256);
INSERT into DefaultDeliveryStop (id, default_route_id, geo_loc_id) values(387, 001, 372);
INSERT into DefaultDeliveryStop (id, default_route_id, geo_loc_id) values(148, 063, 142);
INSERT into DefaultDeliveryStop (id, default_route_id, geo_loc_id) values(1115, 124, 1085);
INSERT into DefaultDeliveryStop (id, default_route_id, geo_loc_id) values(270, 043, 258);
INSERT into DefaultDeliveryStop (id, default_route_id, geo_loc_id) values(863, 061, 836);
INSERT into DefaultDeliveryStop (id, default_route_id, geo_loc_id) values(701, 124, 675);
INSERT into DefaultDeliveryStop (id, default_route_id, geo_loc_id) values(170, 103, 164);
INSERT into DefaultDeliveryStop (id, default_route_id, geo_loc_id) values(927, 112, 899);
INSERT into DefaultDeliveryStop (id, default_route_id, geo_loc_id) values(1059, 023, 1029);
INSERT into DefaultDeliveryStop (id, default_route_id, geo_loc_id) values(579, 070, 558);
INSERT into DefaultDeliveryStop (id, default_route_id, geo_loc_id) values(784, 011, 757);
INSERT into DefaultDeliveryStop (id, default_route_id, geo_loc_id) values(1189, 122, 1155);
INSERT into DefaultDeliveryStop (id, default_route_id, geo_loc_id) values(944, 061, 916);
INSERT into DefaultDeliveryStop (id, default_route_id, geo_loc_id) values(583, 070, 562);
INSERT into DefaultDeliveryStop (id, default_route_id, geo_loc_id) values(1006, 502, 976);
INSERT into DefaultDeliveryStop (id, default_route_id, geo_loc_id) values(233, 040, 222);
INSERT into DefaultDeliveryStop (id, default_route_id, geo_loc_id) values(499, 091, 479);
INSERT into DefaultDeliveryStop (id, default_route_id, geo_loc_id) values(1248, 082, 1209);
INSERT into DefaultDeliveryStop (id, default_route_id, geo_loc_id) values(663, 366, 454);
INSERT into DefaultDeliveryStop (id, default_route_id, geo_loc_id) values(800, 010, 773);
INSERT into DefaultDeliveryStop (id, default_route_id, geo_loc_id) values(848, 061, 821);
INSERT into DefaultDeliveryStop (id, default_route_id, geo_loc_id) values(755, 013, 728);
INSERT into DefaultDeliveryStop (id, default_route_id, geo_loc_id) values(503, 080, 483);
INSERT into DefaultDeliveryStop (id, default_route_id, geo_loc_id) values(364, 063, 352);
INSERT into DefaultDeliveryStop (id, default_route_id, geo_loc_id) values(952, 010, 924);
INSERT into DefaultDeliveryStop (id, default_route_id, geo_loc_id) values(425, 131, 409);
INSERT into DefaultDeliveryStop (id, default_route_id, geo_loc_id) values(327, 063, 315);
INSERT into DefaultDeliveryStop (id, default_route_id, geo_loc_id) values(713, 122, 687);
INSERT into DefaultDeliveryStop (id, default_route_id, geo_loc_id) values(18, 052, 18);
INSERT into DefaultDeliveryStop (id, default_route_id, geo_loc_id) values(98, 023, 93);
INSERT into DefaultDeliveryStop (id, default_route_id, geo_loc_id) values(5, 024, 5);
INSERT into DefaultDeliveryStop (id, default_route_id, geo_loc_id) values(4, 120, 4);
INSERT into DefaultDeliveryStop (id, default_route_id, geo_loc_id) values(376, 110, 361);
INSERT into DefaultDeliveryStop (id, default_route_id, geo_loc_id) values(548, 061, 528);
INSERT into DefaultDeliveryStop (id, default_route_id, geo_loc_id) values(819, 014, 792);
INSERT into DefaultDeliveryStop (id, default_route_id, geo_loc_id) values(609, 112, 588);
INSERT into DefaultDeliveryStop (id, default_route_id, geo_loc_id) values(124, 080, 118);
INSERT into DefaultDeliveryStop (id, default_route_id, geo_loc_id) values(811, 010, 784);
INSERT into DefaultDeliveryStop (id, default_route_id, geo_loc_id) values(996, 023, 966);
INSERT into DefaultDeliveryStop (id, default_route_id, geo_loc_id) values(726, 800, 699);
INSERT into DefaultDeliveryStop (id, default_route_id, geo_loc_id) values(341, 041, 329);
INSERT into DefaultDeliveryStop (id, default_route_id, geo_loc_id) values(1032, 101, 1002);
INSERT into DefaultDeliveryStop (id, default_route_id, geo_loc_id) values(577, 061, 556);
INSERT into DefaultDeliveryStop (id, default_route_id, geo_loc_id) values(459, 131, 443);
INSERT into DefaultDeliveryStop (id, default_route_id, geo_loc_id) values(1230, 141, 1193);
INSERT into DefaultDeliveryStop (id, default_route_id, geo_loc_id) values(1073, 061, 1043);
INSERT into DefaultDeliveryStop (id, default_route_id, geo_loc_id) values(101, 120, 96);
INSERT into DefaultDeliveryStop (id, default_route_id, geo_loc_id) values(1111, 120, 1081);
INSERT into DefaultDeliveryStop (id, default_route_id, geo_loc_id) values(1140, 102, 1109);
INSERT into DefaultDeliveryStop (id, default_route_id, geo_loc_id) values(792, 011, 765);
INSERT into DefaultDeliveryStop (id, default_route_id, geo_loc_id) values(1308, 050, 1261);
INSERT into DefaultDeliveryStop (id, default_route_id, geo_loc_id) values(718, 060, 692);
INSERT into DefaultDeliveryStop (id, default_route_id, geo_loc_id) values(1130, 083, 1099);
INSERT into DefaultDeliveryStop (id, default_route_id, geo_loc_id) values(1087, 113, 1057);
INSERT into DefaultDeliveryStop (id, default_route_id, geo_loc_id) values(380, 144, 365);
INSERT into DefaultDeliveryStop (id, default_route_id, geo_loc_id) values(546, 092, 526);
INSERT into DefaultDeliveryStop (id, default_route_id, geo_loc_id) values(442, 061, 426);
INSERT into DefaultDeliveryStop (id, default_route_id, geo_loc_id) values(846, 061, 819);
INSERT into DefaultDeliveryStop (id, default_route_id, geo_loc_id) values(83, 502, 79);
INSERT into DefaultDeliveryStop (id, default_route_id, geo_loc_id) values(798, 011, 771);
INSERT into DefaultDeliveryStop (id, default_route_id, geo_loc_id) values(474, 071, 457);
INSERT into DefaultDeliveryStop (id, default_route_id, geo_loc_id) values(1172, 100, 1140);
INSERT into DefaultDeliveryStop (id, default_route_id, geo_loc_id) values(235, 030, 224);
INSERT into DefaultDeliveryStop (id, default_route_id, geo_loc_id) values(620, 031, 599);
INSERT into DefaultDeliveryStop (id, default_route_id, geo_loc_id) values(1271, 144, 1225);
INSERT into DefaultDeliveryStop (id, default_route_id, geo_loc_id) values(115, 083, 110);
INSERT into DefaultDeliveryStop (id, default_route_id, geo_loc_id) values(352, 024, 340);
INSERT into DefaultDeliveryStop (id, default_route_id, geo_loc_id) values(367, 141, 355);
INSERT into DefaultDeliveryStop (id, default_route_id, geo_loc_id) values(1034, 061, 1004);
INSERT into DefaultDeliveryStop (id, default_route_id, geo_loc_id) values(416, 040, 401);
INSERT into DefaultDeliveryStop (id, default_route_id, geo_loc_id) values(654, 143, 631);
INSERT into DefaultDeliveryStop (id, default_route_id, geo_loc_id) values(126, 120, 120);
INSERT into DefaultDeliveryStop (id, default_route_id, geo_loc_id) values(558, 082, 537);
INSERT into DefaultDeliveryStop (id, default_route_id, geo_loc_id) values(1055, 130, 1025);
INSERT into DefaultDeliveryStop (id, default_route_id, geo_loc_id) values(1010, 061, 980);
INSERT into DefaultDeliveryStop (id, default_route_id, geo_loc_id) values(1340, 102, 15);
INSERT into DefaultDeliveryStop (id, default_route_id, geo_loc_id) values(1114, 122, 1084);
INSERT into DefaultDeliveryStop (id, default_route_id, geo_loc_id) values(666, 130, 641);
INSERT into DefaultDeliveryStop (id, default_route_id, geo_loc_id) values(688, 082, 662);
INSERT into DefaultDeliveryStop (id, default_route_id, geo_loc_id) values(837, 010, 810);
INSERT into DefaultDeliveryStop (id, default_route_id, geo_loc_id) values(1011, 133, 981);
INSERT into DefaultDeliveryStop (id, default_route_id, geo_loc_id) values(661, 030, 637);
INSERT into DefaultDeliveryStop (id, default_route_id, geo_loc_id) values(957, 101, 929);
INSERT into DefaultDeliveryStop (id, default_route_id, geo_loc_id) values(66, 112, 64);
INSERT into DefaultDeliveryStop (id, default_route_id, geo_loc_id) values(1105, 082, 1075);
INSERT into DefaultDeliveryStop (id, default_route_id, geo_loc_id) values(948, 144, 920);
INSERT into DefaultDeliveryStop (id, default_route_id, geo_loc_id) values(797, 011, 770);
INSERT into DefaultDeliveryStop (id, default_route_id, geo_loc_id) values(988, 024, 958);
INSERT into DefaultDeliveryStop (id, default_route_id, geo_loc_id) values(786, 011, 759);
INSERT into DefaultDeliveryStop (id, default_route_id, geo_loc_id) values(1131, 091, 1100);
INSERT into DefaultDeliveryStop (id, default_route_id, geo_loc_id) values(1328, 100, 1279);
INSERT into DefaultDeliveryStop (id, default_route_id, geo_loc_id) values(993, 052, 963);
INSERT into DefaultDeliveryStop (id, default_route_id, geo_loc_id) values(547, 023, 527);
INSERT into DefaultDeliveryStop (id, default_route_id, geo_loc_id) values(398, 093, 383);
INSERT into DefaultDeliveryStop (id, default_route_id, geo_loc_id) values(794, 011, 767);
INSERT into DefaultDeliveryStop (id, default_route_id, geo_loc_id) values(1265, 031, 1219);
INSERT into DefaultDeliveryStop (id, default_route_id, geo_loc_id) values(448, 061, 432);
INSERT into DefaultDeliveryStop (id, default_route_id, geo_loc_id) values(309, 120, 297);
INSERT into DefaultDeliveryStop (id, default_route_id, geo_loc_id) values(520, 130, 500);
INSERT into DefaultDeliveryStop (id, default_route_id, geo_loc_id) values(37, 060, 35);
INSERT into DefaultDeliveryStop (id, default_route_id, geo_loc_id) values(692, 122, 666);
INSERT into DefaultDeliveryStop (id, default_route_id, geo_loc_id) values(456, 061, 440);
INSERT into DefaultDeliveryStop (id, default_route_id, geo_loc_id) values(950, 041, 922);
INSERT into DefaultDeliveryStop (id, default_route_id, geo_loc_id) values(286, 130, 274);
INSERT into DefaultDeliveryStop (id, default_route_id, geo_loc_id) values(244, 080, 232);
INSERT into DefaultDeliveryStop (id, default_route_id, geo_loc_id) values(549, 124, 529);
INSERT into DefaultDeliveryStop (id, default_route_id, geo_loc_id) values(332, 073, 320);
INSERT into DefaultDeliveryStop (id, default_route_id, geo_loc_id) values(956, 020, 928);
INSERT into DefaultDeliveryStop (id, default_route_id, geo_loc_id) values(386, 030, 371);
INSERT into DefaultDeliveryStop (id, default_route_id, geo_loc_id) values(978, 094, 950);
INSERT into DefaultDeliveryStop (id, default_route_id, geo_loc_id) values(1199, 060, 1164);
INSERT into DefaultDeliveryStop (id, default_route_id, geo_loc_id) values(1329, 031, 1280);
INSERT into DefaultDeliveryStop (id, default_route_id, geo_loc_id) values(458, 083, 442);
INSERT into DefaultDeliveryStop (id, default_route_id, geo_loc_id) values(317, 021, 305);
INSERT into DefaultDeliveryStop (id, default_route_id, geo_loc_id) values(475, 061, 458);
INSERT into DefaultDeliveryStop (id, default_route_id, geo_loc_id) values(295, 061, 283);
INSERT into DefaultDeliveryStop (id, default_route_id, geo_loc_id) values(1234, 051, 1197);
INSERT into DefaultDeliveryStop (id, default_route_id, geo_loc_id) values(365, 061, 353);
INSERT into DefaultDeliveryStop (id, default_route_id, geo_loc_id) values(757, 013, 730);
INSERT into DefaultDeliveryStop (id, default_route_id, geo_loc_id) values(114, 092, 109);
INSERT into DefaultDeliveryStop (id, default_route_id, geo_loc_id) values(13, 091, 13);
INSERT into DefaultDeliveryStop (id, default_route_id, geo_loc_id) values(405, 032, 390);
INSERT into DefaultDeliveryStop (id, default_route_id, geo_loc_id) values(1291, 360, 1244);
INSERT into DefaultDeliveryStop (id, default_route_id, geo_loc_id) values(1164, 131, 1133);
INSERT into DefaultDeliveryStop (id, default_route_id, geo_loc_id) values(1009, 040, 979);
INSERT into DefaultDeliveryStop (id, default_route_id, geo_loc_id) values(809, 010, 782);
INSERT into DefaultDeliveryStop (id, default_route_id, geo_loc_id) values(830, 014, 803);
INSERT into DefaultDeliveryStop (id, default_route_id, geo_loc_id) values(1053, 063, 1023);
INSERT into DefaultDeliveryStop (id, default_route_id, geo_loc_id) values(1145, 130, 1114);
INSERT into DefaultDeliveryStop (id, default_route_id, geo_loc_id) values(121, 505, 115);
INSERT into DefaultDeliveryStop (id, default_route_id, geo_loc_id) values(33, 031, 31);
INSERT into DefaultDeliveryStop (id, default_route_id, geo_loc_id) values(374, 245, 360);
INSERT into DefaultDeliveryStop (id, default_route_id, geo_loc_id) values(359, 080, 347);
INSERT into DefaultDeliveryStop (id, default_route_id, geo_loc_id) values(643, 024, 620);
INSERT into DefaultDeliveryStop (id, default_route_id, geo_loc_id) values(775, 012, 748);
INSERT into DefaultDeliveryStop (id, default_route_id, geo_loc_id) values(41, 110, 39);
INSERT into DefaultDeliveryStop (id, default_route_id, geo_loc_id) values(427, 061, 411);
INSERT into DefaultDeliveryStop (id, default_route_id, geo_loc_id) values(522, 052, 502);
INSERT into DefaultDeliveryStop (id, default_route_id, geo_loc_id) values(540, 030, 520);
INSERT into DefaultDeliveryStop (id, default_route_id, geo_loc_id) values(133, 103, 127);
INSERT into DefaultDeliveryStop (id, default_route_id, geo_loc_id) values(1186, 024, 1153);
INSERT into DefaultDeliveryStop (id, default_route_id, geo_loc_id) values(1309, 060, 1262);
INSERT into DefaultDeliveryStop (id, default_route_id, geo_loc_id) values(322, 141, 310);
INSERT into DefaultDeliveryStop (id, default_route_id, geo_loc_id) values(485, 151, 468);
INSERT into DefaultDeliveryStop (id, default_route_id, geo_loc_id) values(29, 101, 27);
INSERT into DefaultDeliveryStop (id, default_route_id, geo_loc_id) values(1207, 031, 1172);
INSERT into DefaultDeliveryStop (id, default_route_id, geo_loc_id) values(40, 021, 38);
INSERT into DefaultDeliveryStop (id, default_route_id, geo_loc_id) values(963, 082, 935);
INSERT into DefaultDeliveryStop (id, default_route_id, geo_loc_id) values(76, 021, 72);
INSERT into DefaultDeliveryStop (id, default_route_id, geo_loc_id) values(93, 101, 88);
INSERT into DefaultDeliveryStop (id, default_route_id, geo_loc_id) values(1241, 141, 1203);
INSERT into DefaultDeliveryStop (id, default_route_id, geo_loc_id) values(744, 013, 717);
INSERT into DefaultDeliveryStop (id, default_route_id, geo_loc_id) values(646, 121, 623);
INSERT into DefaultDeliveryStop (id, default_route_id, geo_loc_id) values(1062, 051, 1032);
INSERT into DefaultDeliveryStop (id, default_route_id, geo_loc_id) values(118, 050, 112);
INSERT into DefaultDeliveryStop (id, default_route_id, geo_loc_id) values(768, 012, 741);
INSERT into DefaultDeliveryStop (id, default_route_id, geo_loc_id) values(1202, 030, 1167);
INSERT into DefaultDeliveryStop (id, default_route_id, geo_loc_id) values(422, 043, 406);
INSERT into DefaultDeliveryStop (id, default_route_id, geo_loc_id) values(992, 043, 962);
INSERT into DefaultDeliveryStop (id, default_route_id, geo_loc_id) values(1047, 102, 1017);
INSERT into DefaultDeliveryStop (id, default_route_id, geo_loc_id) values(467, 061, 450);
INSERT into DefaultDeliveryStop (id, default_route_id, geo_loc_id) values(236, 350, 224);
INSERT into DefaultDeliveryStop (id, default_route_id, geo_loc_id) values(136, 063, 130);
INSERT into DefaultDeliveryStop (id, default_route_id, geo_loc_id) values(737, 011, 710);
INSERT into DefaultDeliveryStop (id, default_route_id, geo_loc_id) values(1033, 120, 1003);
INSERT into DefaultDeliveryStop (id, default_route_id, geo_loc_id) values(349, 120, 337);
INSERT into DefaultDeliveryStop (id, default_route_id, geo_loc_id) values(985, 132, 955);
INSERT into DefaultDeliveryStop (id, default_route_id, geo_loc_id) values(127, 092, 121);
INSERT into DefaultDeliveryStop (id, default_route_id, geo_loc_id) values(1109, 151, 1079);
INSERT into DefaultDeliveryStop (id, default_route_id, geo_loc_id) values(799, 011, 772);
INSERT into DefaultDeliveryStop (id, default_route_id, geo_loc_id) values(1260, 600, 16);
INSERT into DefaultDeliveryStop (id, default_route_id, geo_loc_id) values(1317, 051, 1270);
INSERT into DefaultDeliveryStop (id, default_route_id, geo_loc_id) values(73, 600, 69);
INSERT into DefaultDeliveryStop (id, default_route_id, geo_loc_id) values(207, 144, 198);
INSERT into DefaultDeliveryStop (id, default_route_id, geo_loc_id) values(604, 092, 583);
INSERT into DefaultDeliveryStop (id, default_route_id, geo_loc_id) values(826, 012, 799);
INSERT into DefaultDeliveryStop (id, default_route_id, geo_loc_id) values(1138, 120, 1107);
INSERT into DefaultDeliveryStop (id, default_route_id, geo_loc_id) values(110, 111, 105);
INSERT into DefaultDeliveryStop (id, default_route_id, geo_loc_id) values(778, 012, 751);
INSERT into DefaultDeliveryStop (id, default_route_id, geo_loc_id) values(761, 012, 734);
INSERT into DefaultDeliveryStop (id, default_route_id, geo_loc_id) values(907, 015, 879);
INSERT into DefaultDeliveryStop (id, default_route_id, geo_loc_id) values(2, 133, 2);
INSERT into DefaultDeliveryStop (id, default_route_id, geo_loc_id) values(316, 110, 304);
INSERT into DefaultDeliveryStop (id, default_route_id, geo_loc_id) values(274, 143, 262);
INSERT into DefaultDeliveryStop (id, default_route_id, geo_loc_id) values(20, 023, 20);
INSERT into DefaultDeliveryStop (id, default_route_id, geo_loc_id) values(1280, 100, 1234);
INSERT into DefaultDeliveryStop (id, default_route_id, geo_loc_id) values(667, 110, 642);
INSERT into DefaultDeliveryStop (id, default_route_id, geo_loc_id) values(1315, 083, 1268);
INSERT into DefaultDeliveryStop (id, default_route_id, geo_loc_id) values(1210, 143, 1175);
INSERT into DefaultDeliveryStop (id, default_route_id, geo_loc_id) values(150, 070, 144);
INSERT into DefaultDeliveryStop (id, default_route_id, geo_loc_id) values(1141, 144, 1110);
INSERT into DefaultDeliveryStop (id, default_route_id, geo_loc_id) values(642, 082, 208);
INSERT into DefaultDeliveryStop (id, default_route_id, geo_loc_id) values(161, 040, 155);
INSERT into DefaultDeliveryStop (id, default_route_id, geo_loc_id) values(517, 505, 497);
INSERT into DefaultDeliveryStop (id, default_route_id, geo_loc_id) values(1120, 040, 1090);
INSERT into DefaultDeliveryStop (id, default_route_id, geo_loc_id) values(58, 122, 56);
INSERT into DefaultDeliveryStop (id, default_route_id, geo_loc_id) values(1185, 103, 1152);
INSERT into DefaultDeliveryStop (id, default_route_id, geo_loc_id) values(1084, 070, 1054);
INSERT into DefaultDeliveryStop (id, default_route_id, geo_loc_id) values(488, 144, 471);
INSERT into DefaultDeliveryStop (id, default_route_id, geo_loc_id) values(179, 113, 173);
INSERT into DefaultDeliveryStop (id, default_route_id, geo_loc_id) values(227, 504, 217);
INSERT into DefaultDeliveryStop (id, default_route_id, geo_loc_id) values(1323, 031, 1276);
INSERT into DefaultDeliveryStop (id, default_route_id, geo_loc_id) values(1110, 080, 1080);
INSERT into DefaultDeliveryStop (id, default_route_id, geo_loc_id) values(216, 120, 206);
INSERT into DefaultDeliveryStop (id, default_route_id, geo_loc_id) values(328, 505, 316);
INSERT into DefaultDeliveryStop (id, default_route_id, geo_loc_id) values(1022, 151, 992);
INSERT into DefaultDeliveryStop (id, default_route_id, geo_loc_id) values(1012, 061, 982);
INSERT into DefaultDeliveryStop (id, default_route_id, geo_loc_id) values(1245, 071, 1207);
INSERT into DefaultDeliveryStop (id, default_route_id, geo_loc_id) values(1205, 052, 1170);
INSERT into DefaultDeliveryStop (id, default_route_id, geo_loc_id) values(1216, 040, 1181);
INSERT into DefaultDeliveryStop (id, default_route_id, geo_loc_id) values(915, 015, 887);
INSERT into DefaultDeliveryStop (id, default_route_id, geo_loc_id) values(1106, 131, 1076);
INSERT into DefaultDeliveryStop (id, default_route_id, geo_loc_id) values(972, 060, 944);
INSERT into DefaultDeliveryStop (id, default_route_id, geo_loc_id) values(354, 131, 342);
INSERT into DefaultDeliveryStop (id, default_route_id, geo_loc_id) values(1050, 063, 1020);
INSERT into DefaultDeliveryStop (id, default_route_id, geo_loc_id) values(706, 122, 680);
INSERT into DefaultDeliveryStop (id, default_route_id, geo_loc_id) values(1068, 133, 1038);
INSERT into DefaultDeliveryStop (id, default_route_id, geo_loc_id) values(1305, 103, 1258);
INSERT into DefaultDeliveryStop (id, default_route_id, geo_loc_id) values(156, 140, 150);
INSERT into DefaultDeliveryStop (id, default_route_id, geo_loc_id) values(1250, 130, 1211);
INSERT into DefaultDeliveryStop (id, default_route_id, geo_loc_id) values(1116, 131, 1086);
INSERT into DefaultDeliveryStop (id, default_route_id, geo_loc_id) values(140, 080, 134);
INSERT into DefaultDeliveryStop (id, default_route_id, geo_loc_id) values(214, 050, 204);
INSERT into DefaultDeliveryStop (id, default_route_id, geo_loc_id) values(982, 092, 365);
INSERT into DefaultDeliveryStop (id, default_route_id, geo_loc_id) values(153, 120, 147);
INSERT into DefaultDeliveryStop (id, default_route_id, geo_loc_id) values(420, 040, 405);
INSERT into DefaultDeliveryStop (id, default_route_id, geo_loc_id) values(15, 052, 15);
INSERT into DefaultDeliveryStop (id, default_route_id, geo_loc_id) values(838, 010, 811);
INSERT into DefaultDeliveryStop (id, default_route_id, geo_loc_id) values(534, 100, 514);
INSERT into DefaultDeliveryStop (id, default_route_id, geo_loc_id) values(257, 020, 245);
INSERT into DefaultDeliveryStop (id, default_route_id, geo_loc_id) values(298, 082, 286);
INSERT into DefaultDeliveryStop (id, default_route_id, geo_loc_id) values(91, 031, 86);
INSERT into DefaultDeliveryStop (id, default_route_id, geo_loc_id) values(300, 082, 288);
INSERT into DefaultDeliveryStop (id, default_route_id, geo_loc_id) values(1293, 040, 1246);
INSERT into DefaultDeliveryStop (id, default_route_id, geo_loc_id) values(1259, 600, 1216);
INSERT into DefaultDeliveryStop (id, default_route_id, geo_loc_id) values(173, 151, 167);
INSERT into DefaultDeliveryStop (id, default_route_id, geo_loc_id) values(63, 031, 61);
INSERT into DefaultDeliveryStop (id, default_route_id, geo_loc_id) values(615, 053, 594);
INSERT into DefaultDeliveryStop (id, default_route_id, geo_loc_id) values(144, 071, 138);
INSERT into DefaultDeliveryStop (id, default_route_id, geo_loc_id) values(1148, 073, 1117);
INSERT into DefaultDeliveryStop (id, default_route_id, geo_loc_id) values(606, 070, 585);
INSERT into DefaultDeliveryStop (id, default_route_id, geo_loc_id) values(1048, 050, 1018);
INSERT into DefaultDeliveryStop (id, default_route_id, geo_loc_id) values(255, 111, 243);
INSERT into DefaultDeliveryStop (id, default_route_id, geo_loc_id) values(176, 151, 170);
INSERT into DefaultDeliveryStop (id, default_route_id, geo_loc_id) values(302, 083, 290);
INSERT into DefaultDeliveryStop (id, default_route_id, geo_loc_id) values(1349, 143, 1294);
INSERT into DefaultDeliveryStop (id, default_route_id, geo_loc_id) values(884, 013, 857);
INSERT into DefaultDeliveryStop (id, default_route_id, geo_loc_id) values(545, 141, 525);
INSERT into DefaultDeliveryStop (id, default_route_id, geo_loc_id) values(1249, 001, 1210);
INSERT into DefaultDeliveryStop (id, default_route_id, geo_loc_id) values(1345, 041, 1291);
INSERT into DefaultDeliveryStop (id, default_route_id, geo_loc_id) values(603, 094, 582);
INSERT into DefaultDeliveryStop (id, default_route_id, geo_loc_id) values(256, 103, 244);
INSERT into DefaultDeliveryStop (id, default_route_id, geo_loc_id) values(32, 030, 30);
INSERT into DefaultDeliveryStop (id, default_route_id, geo_loc_id) values(1338, 010, 187);
INSERT into DefaultDeliveryStop (id, default_route_id, geo_loc_id) values(109, 082, 104);
INSERT into DefaultDeliveryStop (id, default_route_id, geo_loc_id) values(154, 051, 148);
INSERT into DefaultDeliveryStop (id, default_route_id, geo_loc_id) values(122, 094, 116);
INSERT into DefaultDeliveryStop (id, default_route_id, geo_loc_id) values(335, 151, 323);
INSERT into DefaultDeliveryStop (id, default_route_id, geo_loc_id) values(50, 130, 48);
INSERT into DefaultDeliveryStop (id, default_route_id, geo_loc_id) values(1255, 600, 1214);
INSERT into DefaultDeliveryStop (id, default_route_id, geo_loc_id) values(791, 011, 764);
INSERT into DefaultDeliveryStop (id, default_route_id, geo_loc_id) values(1081, 103, 1051);
INSERT into DefaultDeliveryStop (id, default_route_id, geo_loc_id) values(1198, 110, 1163);
INSERT into DefaultDeliveryStop (id, default_route_id, geo_loc_id) values(103, 120, 98);
INSERT into DefaultDeliveryStop (id, default_route_id, geo_loc_id) values(1285, 093, 336);
INSERT into DefaultDeliveryStop (id, default_route_id, geo_loc_id) values(506, 100, 486);
INSERT into DefaultDeliveryStop (id, default_route_id, geo_loc_id) values(912, 015, 884);
INSERT into DefaultDeliveryStop (id, default_route_id, geo_loc_id) values(250, 111, 238);
INSERT into DefaultDeliveryStop (id, default_route_id, geo_loc_id) values(264, 111, 252);
INSERT into DefaultDeliveryStop (id, default_route_id, geo_loc_id) values(873, 061, 846);
INSERT into DefaultDeliveryStop (id, default_route_id, geo_loc_id) values(1054, 112, 1024);
INSERT into DefaultDeliveryStop (id, default_route_id, geo_loc_id) values(898, 015, 870);
INSERT into DefaultDeliveryStop (id, default_route_id, geo_loc_id) values(676, 093, 651);
INSERT into DefaultDeliveryStop (id, default_route_id, geo_loc_id) values(221, 130, 211);
INSERT into DefaultDeliveryStop (id, default_route_id, geo_loc_id) values(524, 093, 504);
INSERT into DefaultDeliveryStop (id, default_route_id, geo_loc_id) values(424, 061, 408);
INSERT into DefaultDeliveryStop (id, default_route_id, geo_loc_id) values(445, 061, 429);
INSERT into DefaultDeliveryStop (id, default_route_id, geo_loc_id) values(1102, 101, 1072);
INSERT into DefaultDeliveryStop (id, default_route_id, geo_loc_id) values(853, 061, 826);
INSERT into DefaultDeliveryStop (id, default_route_id, geo_loc_id) values(844, 061, 817);
INSERT into DefaultDeliveryStop (id, default_route_id, geo_loc_id) values(1098, 101, 1068);
INSERT into DefaultDeliveryStop (id, default_route_id, geo_loc_id) values(181, 140, 175);
INSERT into DefaultDeliveryStop (id, default_route_id, geo_loc_id) values(685, 103, 659);
INSERT into DefaultDeliveryStop (id, default_route_id, geo_loc_id) values(439, 061, 423);
INSERT into DefaultDeliveryStop (id, default_route_id, geo_loc_id) values(599, 124, 578);
INSERT into DefaultDeliveryStop (id, default_route_id, geo_loc_id) values(894, 013, 866);
INSERT into DefaultDeliveryStop (id, default_route_id, geo_loc_id) values(1322, 071, 1275);
INSERT into DefaultDeliveryStop (id, default_route_id, geo_loc_id) values(758, 013, 731);
INSERT into DefaultDeliveryStop (id, default_route_id, geo_loc_id) values(641, 070, 360);
INSERT into DefaultDeliveryStop (id, default_route_id, geo_loc_id) values(939, 010, 911);
INSERT into DefaultDeliveryStop (id, default_route_id, geo_loc_id) values(708, 082, 682);
INSERT into DefaultDeliveryStop (id, default_route_id, geo_loc_id) values(951, 133, 923);
INSERT into DefaultDeliveryStop (id, default_route_id, geo_loc_id) values(914, 015, 886);
INSERT into DefaultDeliveryStop (id, default_route_id, geo_loc_id) values(785, 051, 758);
INSERT into DefaultDeliveryStop (id, default_route_id, geo_loc_id) values(560, 141, 539);
INSERT into DefaultDeliveryStop (id, default_route_id, geo_loc_id) values(340, 041, 328);
INSERT into DefaultDeliveryStop (id, default_route_id, geo_loc_id) values(682, 031, 657);
INSERT into DefaultDeliveryStop (id, default_route_id, geo_loc_id) values(572, 124, 551);
INSERT into DefaultDeliveryStop (id, default_route_id, geo_loc_id) values(35, 121, 33);
INSERT into DefaultDeliveryStop (id, default_route_id, geo_loc_id) values(1277, 020, 1231);
INSERT into DefaultDeliveryStop (id, default_route_id, geo_loc_id) values(1070, 140, 1040);
INSERT into DefaultDeliveryStop (id, default_route_id, geo_loc_id) values(1274, 052, 1228);
INSERT into DefaultDeliveryStop (id, default_route_id, geo_loc_id) values(426, 061, 410);
INSERT into DefaultDeliveryStop (id, default_route_id, geo_loc_id) values(1108, 014, 1078);
INSERT into DefaultDeliveryStop (id, default_route_id, geo_loc_id) values(86, 073, 81);
INSERT into DefaultDeliveryStop (id, default_route_id, geo_loc_id) values(145, 051, 139);
INSERT into DefaultDeliveryStop (id, default_route_id, geo_loc_id) values(1347, 031, 33);
INSERT into DefaultDeliveryStop (id, default_route_id, geo_loc_id) values(636, 112, 615);
INSERT into DefaultDeliveryStop (id, default_route_id, geo_loc_id) values(338, 020, 326);
INSERT into DefaultDeliveryStop (id, default_route_id, geo_loc_id) values(721, 600, 694);
INSERT into DefaultDeliveryStop (id, default_route_id, geo_loc_id) values(571, 021, 550);
INSERT into DefaultDeliveryStop (id, default_route_id, geo_loc_id) values(372, 094, 358);
INSERT into DefaultDeliveryStop (id, default_route_id, geo_loc_id) values(802, 010, 775);
INSERT into DefaultDeliveryStop (id, default_route_id, geo_loc_id) values(989, 083, 959);
INSERT into DefaultDeliveryStop (id, default_route_id, geo_loc_id) values(231, 024, 220);
INSERT into DefaultDeliveryStop (id, default_route_id, geo_loc_id) values(418, 103, 403);
INSERT into DefaultDeliveryStop (id, default_route_id, geo_loc_id) values(1158, 122, 1127);
INSERT into DefaultDeliveryStop (id, default_route_id, geo_loc_id) values(1334, 140, 1285);
INSERT into DefaultDeliveryStop (id, default_route_id, geo_loc_id) values(1282, 040, 1236);
INSERT into DefaultDeliveryStop (id, default_route_id, geo_loc_id) values(258, 094, 246);
INSERT into DefaultDeliveryStop (id, default_route_id, geo_loc_id) values(347, 071, 335);
INSERT into DefaultDeliveryStop (id, default_route_id, geo_loc_id) values(605, 070, 584);
INSERT into DefaultDeliveryStop (id, default_route_id, geo_loc_id) values(930, 013, 902);
INSERT into DefaultDeliveryStop (id, default_route_id, geo_loc_id) values(1122, 070, 1092);
INSERT into DefaultDeliveryStop (id, default_route_id, geo_loc_id) values(740, 011, 713);
INSERT into DefaultDeliveryStop (id, default_route_id, geo_loc_id) values(1056, 030, 1026);
INSERT into DefaultDeliveryStop (id, default_route_id, geo_loc_id) values(313, 093, 301);
INSERT into DefaultDeliveryStop (id, default_route_id, geo_loc_id) values(283, 140, 271);
INSERT into DefaultDeliveryStop (id, default_route_id, geo_loc_id) values(482, 093, 465);
INSERT into DefaultDeliveryStop (id, default_route_id, geo_loc_id) values(185, 151, 178);
INSERT into DefaultDeliveryStop (id, default_route_id, geo_loc_id) values(812, 010, 785);
INSERT into DefaultDeliveryStop (id, default_route_id, geo_loc_id) values(43, 110, 41);
INSERT into DefaultDeliveryStop (id, default_route_id, geo_loc_id) values(702, 140, 676);
INSERT into DefaultDeliveryStop (id, default_route_id, geo_loc_id) values(886, 001, 859);
INSERT into DefaultDeliveryStop (id, default_route_id, geo_loc_id) values(860, 061, 833);
INSERT into DefaultDeliveryStop (id, default_route_id, geo_loc_id) values(1311, 123, 1264);
INSERT into DefaultDeliveryStop (id, default_route_id, geo_loc_id) values(598, 143, 577);
INSERT into DefaultDeliveryStop (id, default_route_id, geo_loc_id) values(502, 101, 482);
INSERT into DefaultDeliveryStop (id, default_route_id, geo_loc_id) values(190, 144, 182);
INSERT into DefaultDeliveryStop (id, default_route_id, geo_loc_id) values(529, 140, 509);
INSERT into DefaultDeliveryStop (id, default_route_id, geo_loc_id) values(178, 113, 172);
INSERT into DefaultDeliveryStop (id, default_route_id, geo_loc_id) values(813, 010, 786);
INSERT into DefaultDeliveryStop (id, default_route_id, geo_loc_id) values(716, 071, 690);
INSERT into DefaultDeliveryStop (id, default_route_id, geo_loc_id) values(1337, 123, 11);
INSERT into DefaultDeliveryStop (id, default_route_id, geo_loc_id) values(965, 101, 937);
INSERT into DefaultDeliveryStop (id, default_route_id, geo_loc_id) values(478, 061, 461);
INSERT into DefaultDeliveryStop (id, default_route_id, geo_loc_id) values(123, 144, 117);
INSERT into DefaultDeliveryStop (id, default_route_id, geo_loc_id) values(54, 030, 52);
INSERT into DefaultDeliveryStop (id, default_route_id, geo_loc_id) values(958, 111, 930);
INSERT into DefaultDeliveryStop (id, default_route_id, geo_loc_id) values(908, 015, 880);
INSERT into DefaultDeliveryStop (id, default_route_id, geo_loc_id) values(733, 013, 706);
INSERT into DefaultDeliveryStop (id, default_route_id, geo_loc_id) values(1321, 111, 1274);
INSERT into DefaultDeliveryStop (id, default_route_id, geo_loc_id) values(85, 600, 80);
INSERT into DefaultDeliveryStop (id, default_route_id, geo_loc_id) values(724, 093, 697);
INSERT into DefaultDeliveryStop (id, default_route_id, geo_loc_id) values(310, 120, 298);
INSERT into DefaultDeliveryStop (id, default_route_id, geo_loc_id) values(217, 073, 207);
INSERT into DefaultDeliveryStop (id, default_route_id, geo_loc_id) values(470, 070, 453);
INSERT into DefaultDeliveryStop (id, default_route_id, geo_loc_id) values(904, 015, 876);
INSERT into DefaultDeliveryStop (id, default_route_id, geo_loc_id) values(1236, 082, 1199);
INSERT into DefaultDeliveryStop (id, default_route_id, geo_loc_id) values(440, 061, 424);
INSERT into DefaultDeliveryStop (id, default_route_id, geo_loc_id) values(1126, 092, 1095);
INSERT into DefaultDeliveryStop (id, default_route_id, geo_loc_id) values(617, 020, 596);
INSERT into DefaultDeliveryStop (id, default_route_id, geo_loc_id) values(1183, 001, 600);
INSERT into DefaultDeliveryStop (id, default_route_id, geo_loc_id) values(767, 012, 740);
INSERT into DefaultDeliveryStop (id, default_route_id, geo_loc_id) values(292, 140, 280);
INSERT into DefaultDeliveryStop (id, default_route_id, geo_loc_id) values(776, 001, 749);
INSERT into DefaultDeliveryStop (id, default_route_id, geo_loc_id) values(1324, 041, 657);
INSERT into DefaultDeliveryStop (id, default_route_id, geo_loc_id) values(1263, 600, 1217);
INSERT into DefaultDeliveryStop (id, default_route_id, geo_loc_id) values(1331, 070, 1282);
INSERT into DefaultDeliveryStop (id, default_route_id, geo_loc_id) values(6, 042, 6);
INSERT into DefaultDeliveryStop (id, default_route_id, geo_loc_id) values(966, 101, 938);
INSERT into DefaultDeliveryStop (id, default_route_id, geo_loc_id) values(795, 011, 768);
SET IDENTITY_INSERT DefaultDeliveryStop OFF;
INSERT into Customer values(24596, 904, 'Balle Kirkevej', '120', 8600, 'Silkeborg', '20:00:00');
INSERT into Customer values(15262, 380, 'Vestergade', '30', 7850, 'Stoholm', '10:45:00');
INSERT into Customer values(10545, 190, 'Gammel lborgvej', '72', 8800, 'Viborg', '10:30:00');
INSERT into Customer values(52454, 1239, 'Sndergade', '5', 7741, 'Frstrup', '06:00:00');
INSERT into Customer values(25953, 996, 'Grenvej', '752', 8541, 'Skdstrup', '07:30:00');
INSERT into Customer values(21242, 478, 'Prstbrovej', '23', 9330, 'Dronninglund - R 50', '12:00:00');
INSERT into Customer values(7130, 163, 'Dokkedalvej', '2', 9280, 'Storvorde', '11:00:00');
INSERT into Customer values(10816, 195, 'VESTERGADE 7', '', 7500, 'Holstebro', '07:15:00');
INSERT into Customer values(4560, 96, 'Sndergade', '4', 8464, 'Galten', '08:30:00');
INSERT into Customer values(25958, 999, 'Hjvang Centret', '4', 8660, 'Skanderborg', '10:00:00');
INSERT into Customer values(74163, 1327, 'Bredgade', '40-42', 6920, 'Videbk', '09:00:00');
INSERT into Customer values(11777, 217, 'Lindholm Nrbanevej', '5', 9400, 'Nrresundby', '09:50:00');
INSERT into Customer values(2608, 53, 'Storegade', '62', 8550, 'Ryomgrd', '07:00:00');
INSERT into Customer values(23105, 663, 'Beta', '1', 8382, 'Hinnerup', '21:00:00');
INSERT into Customer values(25773, 980, 'Skolesvinget', '18', 7990, 'ster Assels', '11:00:00');
INSERT into Customer values(23518, 691, 'Havnegade', '52', 7680, 'Thyborn', '10:00:00');
INSERT into Customer values(27015, 1116, 'Apholmenvej', '5', 9900, 'Frederikshavn', '12:00:00');
INSERT into Customer values(21942, 588, 'Torvegade', '9-11', 6950, 'Ringkbing', '10:00:00');
INSERT into Customer values(82461, 1340, 'NYGRDSVEJ 95 HOLME', '', 8270, 'HJBJERG', '07:45:00');
INSERT into Customer values(16627, 408, 'Skanderborgvej 277', '', 8260, 'Viby J', '10:00:00');
INSERT into Customer values(24604, 909, 'Sndergade', '17', 8883, 'Gjern', '20:00:00');
INSERT into Customer values(3282, 84, 'Niels Bohrsvej', '44', 9220, 'Aalborg st', '08:00:00');
INSERT into Customer values(24429, 799, 'Skolevej', '7', 7680, 'Thyborn', '20:00:00');
INSERT into Customer values(13261, 242, 'Nordre Klitvej', '21', 9800, 'Hjrring', '05:15:00');
INSERT into Customer values(5124, 106, 'Bredgade', '60', 7540, 'Haderup', '12:00:00');
INSERT into Customer values(14943, 373, 'Priorsvej', '31', 8600, 'Silkeborg', '09:00:00');
INSERT into Customer values(73883, 1317, 'Grtlervej', '15', 7600, 'Struer', '10:00:00');
INSERT into Customer values(5209, 121, 'Hvedevej', '2', 8920, 'Randers Nv', '04:45:00');
INSERT into Customer values(7175, 165, 'Hobrovej', '53', 9530, 'Stvring', '07:00:00');
INSERT into Customer values(18854, 429, 'Uglevej', '6', 9460, 'Brovst', '12:00:00');
INSERT into Customer values(5561, 140, 'Nrregade', '23', 7570, 'Vemb', '09:00:00');
INSERT into Customer values(23752, 722, 'Niels Juelsvej', '6', 9850, 'Hirtshals', '06:00:00');
INSERT into Customer values(21319, 493, 'Drejvej', '1', 7680, 'Thyborn', '06:15:00');
INSERT into Customer values(24621, 924, 'Nyvej', '1', 8680, 'Ry', '20:00:00');
INSERT into Customer values(83178, 1343, 'Bredgade', '92', 9830, 'Trs', '06:00:00');
INSERT into Customer values(2538, 51, 'Vestergade', '63', 8550, 'Ryomgrd', '08:00:00');
INSERT into Customer values(15225, 378, 'Munkhusevej', '7', 8961, 'Allingbro', '11:00:00');
INSERT into Customer values(5440, 135, 'Markedsvej', '1', 9600, 'rs', '05:30:00');
INSERT into Customer values(24578, 895, 'Nddevej', '13', 7451, 'Sunds', '23:59:00');
INSERT into Customer values(2862, 75, 'Vorregrds Alle', '96', 8200, 'Aarhus N', '10:30:00');
INSERT into Customer values(7072, 158, 'gade', '40', 9280, 'Storvorde', '12:00:00');
INSERT into Customer values(60091, 1262, 'Slotsgade', '8-14', 9000, 'Aalborg', '08:00:00');
INSERT into Customer values(18865, 435, 'Borups Alle', '8', 9690, 'Fjerritslev', '12:00:00');
INSERT into Customer values(14608, 353, 'Butikstorvet', '3', 8990, 'Frup', '06:55:00');
INSERT into Customer values(18738, 421, 'Sandavagur', '2', 0360, 'Sandavagur', '12:00:00');
INSERT into Customer values(25891, 992, 'Ved Banen', '5', 9870, 'Sindal', '06:15:00');
INSERT into Customer values(24628, 928, 'Koldskr', '8', 8850, 'Bjerringbro', '23:59:00');
INSERT into Customer values(22513, 627, 'stergade', '43-53', 9700, 'Brnderslev', '05:30:00');
INSERT into Customer values(11220, 206, 'Axel Gruhnsvej', '7', 8270, 'Hjbjerg', '12:00:00');
INSERT into Customer values(26481, 1045, 'Viaduktvej', '16', 9400, 'Nrresundby', '08:15:00');
INSERT into Customer values(14384, 314, 'Muslingevej', '10', 8250, 'Eg', '07:01:00');
INSERT into Customer values(13381, 263, 'Holmegade', '18', 6990, 'Ulfborg', '09:00:00');
INSERT into Customer values(26058, 1019, 'Edwins Rahrsvej', '68', 8220, 'Brabrand', '05:00:00');
INSERT into Customer values(82425, 1340, 'SNDERGADE 19-21', '', 7800, 'Skive', '07:20:00');
INSERT into Customer values(60105, 1264, 'Hjallerup Centret', '2', 9320, 'Hjallerup', '04:25:00');
INSERT into Customer values(10650, 192, 'Vestergade', '53', 8600, 'Silkeborg', '09:20:00');
INSERT into Customer values(24420, 792, 'Nejrupvej', '6', 7620, 'Lemvig', '20:00:00');
INSERT into Customer values(4544, 92, 'Korshjen', '1', 8240, 'Risskov', '10:00:00');
INSERT into Customer values(7502, 183, 'Sndergade', '19-21', 7800, 'Skive', '06:00:00');
INSERT into Customer values(24934, 950, 'Skoletoften', '7', 7400, 'Herning', '20:00:00');
INSERT into Customer values(26514, 1048, 'Beringvej', '2', 8361, 'Hasselager', '04:00:00');
INSERT into Customer values(23723, 719, 'Birke Alle', '15', 8981, 'Spentrup', '10:00:00');
INSERT into Customer values(24647, 944, 'Sundsholmen', '37', 9400, 'Nrressundby', '05:00:00');
INSERT into Customer values(23005, 658, 'Kystvejen', '1', 8400, 'Ebeltoft', '09:30:00');
INSERT into Customer values(14536, 345, 'Hrretvej', '16', 8320, 'Mrslet', '06:40:00');
INSERT into Customer values(21975, 600, 'Voruprvej', '48', 7700, 'Thisted', '06:00:00');
INSERT into Customer values(27061, 1126, 'Ormslevvej', '269', 8260, 'Viby J', '10:30:00');
INSERT into Customer values(19083, 461, 'Trekanten', '46', 8500, 'Gren', '06:15:00');
INSERT into Customer values(15961, 400, 'Tingvej', '6', 8543, 'Hornslet', '10:00:00');
INSERT into Customer values(12782, 237, 'Viborgvej', '155-159', 8210, 'Aarhus V', '09:30:00');
INSERT into Customer values(25877, 987, 'Grfthjparken', '3', 8260, 'Viby J', '10:45:00');
INSERT into Customer values(73143, 1299, 'Hovedgaden', '49', 8410, 'Rnde', '05:40:00');
INSERT into Customer values(72300, 1285, 'Grrilds Alle', '72', 8920, 'Randers Nv', '12:00:00');
INSERT into Customer values(7032, 155, 'Skagen Landevej', '93', 9800, 'Hjrring', '10:00:00');
INSERT into Customer values(25517, 959, 'Herluf Trollesvej', '3', 9850, 'Hirtshals', '12:00:00');
INSERT into Customer values(14921, 371, 'Smedegade', '12', 8240, 'Risskov', '10:30:00');
INSERT into Customer values(21172, 473, 'sterbrogade', '55', 8500, 'Gren', '08:00:00');
INSERT into Customer values(701, 19, 'Torvet', '4-6', 8600, 'Silkeborg', '08:00:00');
INSERT into Customer values(22594, 642, 'Vestergade', '7', 7500, 'Holstebro', '08:05:00');
INSERT into Customer values(21250, 480, 'Sndergrdsvej', '2', 7600, 'Struer', '08:15:00');
INSERT into Customer values(26457, 1038, 'Rindumvej', '1', 6950, 'Ringkbing', '12:00:00');
INSERT into Customer values(21506, 522, 'Skovvejen', '17', 8000, 'Aarhus C', '07:00:00');
INSERT into Customer values(74101, 1324, 'A.F.Heidemannsvej', '20', 9800, 'Hjrring', '10:00:00');
INSERT into Customer values(25965, 1004, 'Sgade', '10', 9690, 'Fjerritslev', '07:30:00');
INSERT into Customer values(26148, 1027, 'Butikstorvet', '11', 9560, 'Hadsund', '07:00:00');
INSERT into Customer values(21659, 552, 'Vestergade', '30', 9400, 'Nrresundby', '07:50:00');
INSERT into Customer values(25905, 994, 'Hrgrdsvej', '46', 8240, 'Risskov', '12:00:00');
INSERT into Customer values(5279, 124, 'Konsul Andersens Gade', '3', 7620, 'Lemvig', '04:40:00');
INSERT into Customer values(25491, 958, 'Fruevej', '37-41', 7900, 'Nykbing Mors', '06:30:00');
INSERT into Customer values(27144, 1136, 'Sndertruevej', '3', 9500, 'Hobro', '12:00:00');
INSERT into Customer values(23805, 730, 'Kirksvej', '2', 6960, 'Hvide Sande', '11:30:00');
INSERT into Customer values(21948, 590, 'Tulipanvej', '14', 8800, 'Viborg', '08:00:00');
INSERT into Customer values(101, 1, 'SNDERGADE 27', '', 8000, 'RHUS C', '08:00:00');
INSERT into Customer values(14645, 356, 'Flledvej 27', '', 7600, 'Struer', '23:55:00');
INSERT into Customer values(14368, 303, 'Kirkegade', '7-11', 7490, 'Avlum', '06:30:00');
INSERT into Customer values(82440, 1340, 'AGERVEJ 7, TILST', '', 8381, 'MUNDELSTRUP', '07:00:00');
INSERT into Customer values(24407, 780, 'Skolevnget', '1', 7540, 'Haderup', '23:00:00');
INSERT into Customer values(73509, 1305, 'Hybenvej', '2', 9280, 'Storvorde', '10:30:00');
INSERT into Customer values(14923, 372, 'Fridtjof Nansensvej', '2A', 9210, 'lborg S', '09:05:00');
INSERT into Customer values(24423, 795, 'Vestermllevej', '11', 7620, 'Lemvig', '20:00:00');
INSERT into Customer values(13109, 239, 'Silkeborgvej', '340', 8230, 'byhj', '04:30:00');
INSERT into Customer values(26964, 1110, 'Vestermllevej', '15', 7620, 'Lemvig', '10:30:00');
INSERT into Customer values(24383, 759, 'Markedspladsen', '2', 7490, 'Aulum', '23:59:00');
INSERT into Customer values(23521, 692, 'Mariagervej', '65', 8900, 'Randers', '07:30:00');
INSERT into Customer values(21491, 516, 'Blomstervangen', '1', 8250, 'Eg', '08:45:00');
INSERT into Customer values(22407, 622, 'Skivevej', '41', 9500, 'Hobro', '12:00:00');
INSERT into Customer values(21421, 504, 'Ved Banen', '9', 9870, 'Sindal', '07:05:00');
INSERT into Customer values(18859, 432, 'Hovedgaden', '71', 9460, 'Brovst', '12:00:00');
INSERT into Customer values(27659, 1191, 'ster Bordingvej', '1', 8600, 'Silkeborg', '09:00:00');
INSERT into Customer values(23581, 700, 'Marienlunds Alle', '2', 7430, 'Ikast', '07:00:00');
INSERT into Customer values(24463, 829, 'Stoholmvej', '24', 7840, 'Hjslev', '12:00:00');
INSERT into Customer values(21878, 580, 'Postboks', '119', 9850, 'Hirtshals', '06:00:00');
INSERT into Customer values(73897, 1320, 'Hjallerup Erhvervspark', '4B', 9320, 'Hjallerup', '12:00:00');
INSERT into Customer values(16678, 412, 'Kirketorvet', '1', 8310, 'Tranbjerg', '06:20:00');
INSERT into Customer values(25968, 1007, 'Skrping Centret', '14', 9520, 'Skrping', '07:00:00');
INSERT into Customer values(27058, 1125, 'Ellerhammersvej', '54', 9430, 'Vadum', '04:00:00');
INSERT into Customer values(21488, 513, 'Lyshjen', '1', 8520, 'Lystrup', '09:00:00');
INSERT into Customer values(2100, 29, 'Beringvej', '2', 8361, 'Hasselager', '04:10:00');
INSERT into Customer values(24466, 832, 'lbkvej', '18', 7860, 'Lihme, Spttrup', '12:00:00');
INSERT into Customer values(25800, 983, 'Knebel Bygade', '27', 8420, 'Knebel', '09:00:00');
INSERT into Customer values(13978, 295, 'Klarupvej', '39', 9270, 'Klarup', '09:10:00');
INSERT into Customer values(2748, 63, 'Thorsgade', '26', 8410, 'Rnde', '05:10:00');
INSERT into Customer values(23770, 726, 'Vestre Kongevej', '4-6', 8260, 'Viby J', '12:00:00');
INSERT into Customer values(23362, 668, 'Djurslandskajen', '5', 8500, 'Gren', '12:00:00');
INSERT into Customer values(23639, 711, 'Gl.Mllevej', '43', 7970, 'Redsted', '09:00:00');
INSERT into Customer values(14543, 346, 'Tulipvej 3 Sdr. Borup', '', 8940, 'Randers SV', '12:00:00');
INSERT into Customer values(5322, 128, 'Bredgade', '20', 8800, 'Viborg', '10:30:00');
INSERT into Customer values(27309, 1147, 'Th. Eriksensvej', '20', 9640, 'Fars', '04:30:00');
INSERT into Customer values(21387, 499, 'Skanderborgvej', '18-24', 8000, 'Aarhus C', '05:00:00');
INSERT into Customer values(11332, 207, 'Gravene', '37-39', 8800, 'Viborg', '07:20:00');
INSERT into Customer values(14461, 337, 'Sndergade', '36', 9600, 'rs', '11:00:00');
INSERT into Customer values(24485, 847, 'Oluf Borchsvej', '2', 9000, 'AALBORG', '12:00:00');
INSERT into Customer values(60023, 1252, 'Guldsmedgade', '3-9', 8000, 'rhus C', '06:30:00');
INSERT into Customer values(27005, 1113, 'Nrre All', '24-26', 8000, 'rhus C', '06:00:00');
INSERT into Customer values(13306, 252, 'Vestergade', '20', 9690, 'Fjerritslev', '08:00:00');
INSERT into Customer values(73890, 1319, 'Centervej', '12', 8963, 'Auning', '11:00:00');
INSERT into Customer values(24417, 789, 'Bgelundvej', '52', 7620, 'Lemvig', '20:00:00');
INSERT into Customer values(13424, 269, 'Langhjvej', '10', 7600, 'Struer', '07:30:00');
INSERT into Customer values(11762, 216, 'Vestergade', '21', 7870, 'Roslev', '09:00:00');
INSERT into Customer values(23516, 690, 'Skagavej', '104', 9990, 'Skagen', '12:00:00');
INSERT into Customer values(50421, 1204, 'Smedebroen', '15', 8380, 'Trige', '11:30:00');
INSERT into Customer values(26827, 1083, 'Adelgade', '14', 9500, 'Hobro', '06:00:00');
INSERT into Customer values(21483, 510, 'Vestergade', '30', 9460, 'Brovst', '06:00:00');
INSERT into Customer values(74068, 1323, 'Ebeltoftvej, Feldballe', '54', 8410, 'Rnde', '06:15:00');
INSERT into Customer values(26828, 1084, 'stervej', '4', 9881, 'Bindslev', '08:35:00');
INSERT into Customer values(22751, 650, 'Funder Kirkevej', '83', 8600, 'Silkeborg', '09:00:00');
INSERT into Customer values(22687, 649, 'Hovedgaden', '24', 8830, 'Tjele', '10:30:00');
INSERT into Customer values(26107, 1023, 'Nordre Strandvej', '122', 8240, 'Riskkov', '12:00:00');
INSERT into Customer values(12542, 226, 'Dmningen', '17', 7400, 'Herning', '08:30:00');
INSERT into Customer values(10598, 191, 'Blomstervej', '5', 8381, 'Tilst', '10:00:00');
INSERT into Customer values(23358, 667, 'Skovlundvej', '5', 8464, 'Galten', '09:30:00');
INSERT into Customer values(10827, 197, 'SKELAGERVEJ 1-9', '', 8200, 'RHUS N', '07:00:00');
INSERT into Customer values(11961, 222, 'M.P. Bruuns Gade', '25', 8000, 'Aarhus C', '05:45:00');
INSERT into Customer values(2702, 57, 'Hovedgaden', '16', 8641, 'Sorring', '07:15:00');
INSERT into Customer values(25344, 955, 'Prins Burrisvej', '44', 7500, 'Holstebro', '10:00:00');
INSERT into Customer values(21804, 562, 'Parallelvej', '5', 8680, 'Ry', '08:20:00');
INSERT into Customer values(23706, 717, 'Harboegade', '17', 6990, 'Ulfborg', '09:30:00');
INSERT into Customer values(14396, 323, 'Farvervej', '2', 8800, 'Viborg', '08:30:00');
INSERT into Customer values(7487, 179, 'Udbyhjvej', '330', 8930, 'Randers N', '11:00:00');
INSERT into Customer values(23693, 713, 'Skelvangsvej', '54', 8920, 'Randers Nv', '09:00:00');
INSERT into Customer values(590, 18, 'Sndergade', '27', 8000, 'Aarhus C', '08:00:00');
INSERT into Customer values(4557, 95, 'Thorvaldsensgade', '22-24', 8000, 'Aarhus C', '07:45:00');
INSERT into Customer values(7341, 172, 'L. P. Houmllersvej', '22', 9900, 'Frederikshavn', '09:40:00');
INSERT into Customer values(14382, 312, 'Vestergade', '8', 7900, 'Nykbing M', '08:00:00');
INSERT into Customer values(21251, 481, 'Vestergade', '15', 7900, 'Nykbing M', '07:30:00');
INSERT into Customer values(24385, 761, 'Beethovensvej', '24', 7500, 'Holstebro', '23:59:00');
INSERT into Customer values(11736, 214, 'Bredgade', '102', 7760, 'Hurup Thy', '08:30:00');
INSERT into Customer values(14587, 351, 'Strandvejen', '51', 7673, 'Harbore', '09:00:00');
INSERT into Customer values(21256, 484, 'Koldingvej', '130', 8800, 'Viborg', '08:45:00');
INSERT into Customer values(24516, 869, 'Nvling Skolevej', '7', 9260, 'GISTRUP', '12:00:00');
INSERT into Customer values(23421, 673, 'Silkeborgvej', '650', 8220, 'Brabrand', '04:00:00');
INSERT into Customer values(224, 3, 'GRAVENE 37-39', '', 8800, 'VIBORG', '07:35:00');
INSERT into Customer values(13744, 286, 'Haugevej', '33', 8620, 'Kjellerup', '10:30:00');
INSERT into Customer values(24315, 747, 'Sjllandsgade', '86', 7400, 'Herning', '23:59:00');
INSERT into Customer values(23436, 677, 'Merkurvej', '53', 8960, 'Randers S', '09:30:00');
INSERT into Customer values(72591, 1289, 'Hrgrdsvej', '46', 8240, 'Risskov', '12:00:00');
INSERT into Customer values(24389, 765, 'Desvej', '7', 7500, 'Holstebro', '23:59:00');
INSERT into Customer values(25523, 960, 'Odshjvej', '1 F', 8800, 'Viborg', '06:00:00');
INSERT into Customer values(21660, 553, 'Vestergade', '30', 9400, 'Nrresundby', '07:55:00');
INSERT into Customer values(17079, 420, 'Lagunen', '2', 9370, 'Hals', '12:00:00');
INSERT into Customer values(21503, 520, 'Grnlandsgade', '15', 7430, 'Ikast', '08:30:00');
INSERT into Customer values(26144, 1025, 'Chr. Xs Vej', '6', 9990, 'Skagen', '08:30:00');
INSERT into Customer values(24445, 813, 'Klostergade', '11', 7770, 'Vestervig', '20:00:00');
INSERT into Customer values(25888, 991, 'Skolegade', '7', 7490, 'Aulum', '06:30:00');
INSERT into Customer values(73086, 1298, 'Baunhjvej', '6', 8500, 'Gren', '10:00:00');
INSERT into Customer values(23577, 698, 'Bredgade', '43', 9670, 'Lgstr', '06:45:00');
INSERT into Customer values(21673, 555, 'Stenbkvej', '1 A', 8220, 'Brabrand', '04:30:00');
INSERT into Customer values(21527, 535, 'Grenvej', '745', 8541, 'Skdstrup', '07:20:00');
INSERT into Customer values(25995, 1017, 'Jernbanegade', '4', 9610, 'Nrager', '05:00:00');
INSERT into Customer values(23470, 683, 'Golfvej', '5', 7400, 'Herning', '07:30:00');
INSERT into Customer values(27375, 1175, 'Hadsundvej', '83', 8930, 'Randers N', '05:30:00');
INSERT into Customer values(18869, 439, 'Ugiltvej', '881', 9800, 'Hjrring', '12:00:00');
INSERT into Customer values(20142, 463, 'Silkeborgvej', '82 B', 7400, 'Herning', '05:30:00');
INSERT into Customer values(2716, 61, 'Hotelvej, Stilling', '3', 8660, 'Skanderborg', '04:35:00');
INSERT into Customer values(73790, 1310, 'Egeparken', '2', 8600, 'Silkeborg', '06:45:00');
INSERT into Customer values(25976, 1011, 'Kastetvej', '101', 9000, 'Aalborg', '09:30:00');
INSERT into Customer values(27584, 1188, 'Storgade', '7', 8382, 'Hinnerup', '06:10:00');
INSERT into Customer values(2052, 27, 'Markedsgade', '1', 8850, 'Bjerringbro', '08:00:00');
INSERT into Customer values(82541, 1343, 'NIELS BOHRSVEJ 44', '', 9220, 'lborg st', '07:50:00');
INSERT into Customer values(26801, 1070, 'Jyllandsgade', '11', 9480, 'Lkken', '06:25:00');
INSERT into Customer values(27196, 1141, 'Katrinevnget', '2', 8800, 'Viborg', '09:00:00');
INSERT into Customer values(26095, 1021, 'Boulevarden', '33', 9000, 'Aalborg', '09:45:00');
INSERT into Customer values(14815, 359, 'gade', '10', 7620, 'Lemvig', '04:30:00');
INSERT into Customer values(22523, 628, 'Blokhusvej', '9-11', 9490, 'Pandrup', '03:55:00');
INSERT into Customer values(24278, 734, 'Bktoften', '', 6920, 'Videbk', '20:00:00');
INSERT into Customer values(15553, 390, 'Sophus Falcks Vej', '2', 9300, 'Sby', '06:00:00');
INSERT into Customer values(25970, 1009, 'Skagavej', '104', 9990, 'Skagen', '07:55:00');
INSERT into Customer values(15423, 385, 'Fruphusevej', '1', 7900, 'Nykbing M', '10:00:00');
INSERT into Customer values(2679, 54, 'Kirkebakken', '4', 8330, 'Beder', '08:00:00');
INSERT into Customer values(60114, 1264, 'Randersvej', '116-118', 8200, 'Aarhus N', '07:40:00');
INSERT into Customer values(18849, 426, 'rebrovej', '128', 9690, 'Fjerritslev', '12:00:00');
INSERT into Customer values(14459, 335, 'stergade', '24', 9460, 'Brovst', '08:00:00');
INSERT into Customer values(21061, 470, 'Markedsvej', '3 A', 9600, 'Aars', '06:10:00');
INSERT into Customer values(21875, 579, 'Postboks', '119', 9850, 'Hirtshals', '06:15:00');
INSERT into Customer values(82371, 1339, 'SKELAGERVEJ 1-9', '', 8200, 'RHUS N', '07:00:00');
INSERT into Customer values(27381, 1178, 'Strandvejen', '25', 8400, 'Ebeltoft', '07:55:00');
INSERT into Customer values(25962, 1002, 'Tornebakken', '1', 8240, 'Risskov', '09:00:00');
INSERT into Customer values(447, 11, 'TORVET 4-6', '', 8600, 'Silkeborg', '07:30:00');
INSERT into Customer values(72950, 1294, 'Alfreds Nobels Vej', '2', 8920, 'Randers Nv', '05:00:00');
INSERT into Customer values(50988, 1230, 'Randersvej', '5', 8800, 'Viborg', '07:05:00');
INSERT into Customer values(16178, 406, 'Mistrals Plads', '1', 9220, 'Aalborg ', '08:00:00');
INSERT into Customer values(2302, 38, 'Sndergade', '47', 8464, 'Galten', '08:15:00');
INSERT into Customer values(25756, 980, 'Den Rde Plads', '4', 7500, 'Holstebro', '20:00:00');
INSERT into Customer values(27374, 1174, 'Sverigegrdsvej Centret', '16', 9520, 'Skrping', '07:30:00');
INSERT into Customer values(72954, 1295, 'Halkjrsvej', '4', 9200, 'lborg Sv', '07:00:00');
INSERT into Customer values(26660, 1049, 'BYHJCENTRET', '', 8230, 'BYHJ', '07:00:00');
INSERT into Customer values(15931, 399, 'dalen', '1', 7600, 'Struer', '09:00:00');
INSERT into Customer values(50491, 1224, 'Nvlingvej', '25', 9260, 'Gistrup', '08:20:00');
INSERT into Customer values(21241, 477, 'Rrholtvej', '20', 9330, 'Dronninglund', '12:00:00');
INSERT into Customer values(736, 20, 'Brobjerg Parkvej', '2-8', 8250, 'Eg', '06:30:00');
INSERT into Customer values(10818, 196, 'BREDGADE 43', '', 7400, 'Herning', '08:00:00');
INSERT into Customer values(5446, 136, 'Grnnegade', '22', 8850, 'Bjerringbro', '08:00:00');
INSERT into Customer values(24639, 939, 'Gl. Skolevej', '1', 8832, 'Skals', '12:00:00');
INSERT into Customer values(24403, 776, 'Snder Alle', '25', 7500, 'Holstebro', '23:59:00');
INSERT into Customer values(26862, 1096, 'Merkurvej', '53', 8960, 'Randers S', '06:50:00');
INSERT into Customer values(27337, 1156, 'Nygrdsalle', '3', 8330, 'Beder', '07:45:00');
INSERT into Customer values(13453, 272, 'Nordre Strandvej', '45', 8240, 'Risskov', '10:00:00');
INSERT into Customer values(24428, 798, 'Skolegade', '8', 7673, 'Harbore', '20:00:00');
INSERT into Customer values(50461, 1211, 'Refsvej', '28', 7700, 'Thisted', '11:15:00');
INSERT into Customer values(7430, 176, 'Klitgrdsvej', '17', 9382, 'Tylstrup', '08:30:00');
INSERT into Customer values(72996, 1297, 'Sdr. Ringvej', '12', 9500, 'Hobro', '06:30:00');
INSERT into Customer values(24613, 917, 'Sindingvej', '15', 8600, 'Silkeborg', '23:59:00');
INSERT into Customer values(24923, 949, 'Glarbjergvej', '75', 8930, 'Randers N', '06:00:00');
INSERT into Customer values(27371, 1172, 'Smgen', '11', 9990, 'Skagen', '09:25:00');
INSERT into Customer values(26166, 1027, 'Vestergrave', '2', 8900, 'Randers', '12:00:00');
INSERT into Customer values(21914, 585, 'Lgstrvej', '3', 9500, 'Hobro', '10:00:00');
INSERT into Customer values(24418, 790, 'Christinelystvej', '3', 7620, 'Lemvig', '20:00:00');
INSERT into Customer values(27636, 1190, 'Niels Skiverens Vej', '5-7', 9982, 'lbk', '12:00:00');
INSERT into Customer values(18848, 425, 'Klim Strandvej 11', '', 9690, 'Fjerritslev', '12:00:00');
INSERT into Customer values(7360, 174, 'Sjllandsgade', '45', 9000, 'lborg', '06:05:00');
INSERT into Customer values(82302, 1337, 'SNDERGADE 27', '', 8000, 'RHUS C', '08:00:00');
INSERT into Customer values(12629, 228, 'Frederiks Alle 125', '', 8000, 'Aarhus C', '09:00:00');
INSERT into Customer values(27465, 1183, 'BOX 222', '2', 0600, 'RUNAVIK', '12:00:00');
INSERT into Customer values(24291, 741, 'Skelmosevej', '22', 6980, 'Tim', '20:00:00');
INSERT into Customer values(27154, 1137, 'Bsbrovej', '54', 8940, 'Randers Sv', '09:00:00');
INSERT into Customer values(27156, 1137, 'Stations All', '1', 8560, 'Kolind', '11:00:00');
INSERT into Customer values(21689, 557, 'Storegade', '2-6', 7700, 'Thisted', '04:00:00');
INSERT into Customer values(13467, 273, 'Viborgvej', '273', 7840, 'Hjslev', '03:30:00');
INSERT into Customer values(15531, 387, 'Nrreland Cent.Desv.', '17', 7500, 'Holstebro', '08:00:00');
INSERT into Customer values(82335, 1338, 'ADELGADE 39', '', 9500, 'Hobro', '12:00:00');
INSERT into Customer values(22859, 653, 'Frederiksgade', '85', 8000, 'Aarhus C', '06:45:00');
INSERT into Customer values(18862, 434, 'Skolegade 2, Ks', '', 9490, 'Pandrup', '12:00:00');
INSERT into Customer values(14419, 331, 'Godthbsvej', '15-17', 9230, 'Svenstrup', '07:25:00');
INSERT into Customer values(15594, 391, 'Frederiksbergvej', '9', 8920, 'Randers Nv', '12:00:00');
INSERT into Customer values(23764, 724, 'Randersvej', '62', 8800, 'Viborg', '04:00:00');
INSERT into Customer values(50478, 1214, 'Vestergade', '34', 9510, 'Arden', '06:50:00');
INSERT into Customer values(72820, 1293, 'Jellingevej', '24', 9230, 'Svenstrup J', '02:45:00');
INSERT into Customer values(24564, 887, 'Snderupvej', '15', 6920, 'Videbk', '11:00:00');
INSERT into Customer values(52063, 1231, 'Orhagevej', '71', 7700, 'Thisted', '08:00:00');
INSERT into Customer values(9105, 187, 'Skivevej ', '39-41', 9500, 'Hobro', '16:00:00');
INSERT into Customer values(50480, 1216, 'Prstbovej', '4', 9330, 'Dronninglund', '08:15:00');
INSERT into Customer values(14383, 313, 'Aldersrovej', '33', 8200, 'Aarhus N', '09:40:00');
INSERT into Customer values(72991, 1296, 'NYHOLMSVEJ 16 BOKS 2024', '', 8900, 'RANDERS', '12:00:00');
INSERT into Customer values(18885, 455, 'Smrblomstvej', '5 A', 9320, 'Hjallerup', '12:00:00');
INSERT into Customer values(24527, 874, 'Skansevej', '2', 9400, 'NRRESUNDBY', '12:00:00');
INSERT into Customer values(16670, 410, 'Bsbrovej', '22', 8940, 'Randers Sv', '08:00:00');
INSERT into Customer values(23536, 693, 'Mammen Byvej', '54 A', 8850, 'Bjerringbro', '12:00:00');
INSERT into Customer values(2686, 56, 'Kridthjvej', '3', 8270, 'Hjbjerg', '09:00:00');
INSERT into Customer values(14379, 309, 'Holstebrovej', '70', 7800, 'Skive', '06:40:00');
INSERT into Customer values(25956, 997, 'Torvet', '5', 8850, 'Bjerringbro', '08:45:00');
INSERT into Customer values(14385, 315, 'Ormslevvej', '230-234', 8260, 'Viby J', '10:30:00');
INSERT into Customer values(22739, 650, 'Priorsvej', '31', 8600, 'Silkeborg', '12:00:00');
INSERT into Customer values(5682, 151, 'Skagensvej', '201 A', 9800, 'Hjrring', '08:00:00');
INSERT into Customer values(14378, 308, 'Auktionsvej', '4', 7760, 'Hurup Thy', '07:30:00');
INSERT into Customer values(50488, 1222, 'Dronning Ingridsvej', '2', 9640, 'Fars', '04:40:00');
INSERT into Customer values(15974, 403, 'Jernbanegade', '4', 7442, 'Engesvang', '09:30:00');
INSERT into Customer values(24452, 818, 'Frederiksgade', '21J', 7800, 'Skive', '12:00:00');
INSERT into Customer values(24947, 950, 'Sundsholmen', '37', 9400, 'Nrresundby', '05:00:00');
INSERT into Customer values(24488, 850, 'Sohngrdsholmsvej', '47', 9000, 'AALBORG', '12:00:00');
INSERT into Customer values(14894, 369, 'Holstebrovej 79', '', 8800, 'Viborg', '08:20:00');
INSERT into Customer values(14907, 370, 'Springvandspladsen', '5', 9310, 'Vodskov', '03:35:00');
INSERT into Customer values(14830, 360, 'Dalvej', '12-14', 8450, 'Hammel', '05:35:00');
INSERT into Customer values(24623, 926, 'Tulstrupvej', '84', 8680, 'Ry', '20:00:00');
INSERT into Customer values(23696, 715, 'Danalien', '1 E', 9000, 'lborg', '10:30:00');
INSERT into Customer values(24616, 919, 'Gran Alle', '20', 8600, 'Silkeborg', '20:00:00');
INSERT into Customer values(24576, 893, 'Ilskov Hovedgade', '32-34', 7451, 'Sunds', '23:59:00');
INSERT into Customer values(27466, 1183, 'Midvagur', '2', 0370, 'Midvagur', '12:00:00');
INSERT into Customer values(14416, 328, 'Tjrebyvej', '2-4', 8930, 'Randers N', '07:00:00');
INSERT into Customer values(18868, 438, 'Skolegade', '36', 9700, 'Brnderslev', '12:00:00');
INSERT into Customer values(22613, 643, 'Viborgvej', '277', 8210, 'Aarhus V', '08:30:00');
INSERT into Customer values(24539, 879, 'Hybenvej', '22', 9700, 'BRNDERSLEV', '12:00:00');
INSERT into Customer values(14464, 340, 'Sdr. Omfartsvej', '5', 9700, 'Brnderslev', '04:00:00');
INSERT into Customer values(72209, 1284, 'Rnnebrvej', '2', 9492, 'Blokhus', '04:25:00');
INSERT into Customer values(50404, 1198, 'Vistoftvej', '38', 8471, 'Sabro', '10:30:00');
INSERT into Customer values(24392, 768, 'Idomlundvej', '27', 7500, 'Holstebro', '23:00:00');
INSERT into Customer values(18874, 444, 'Skolegade', '6', 9760, 'Vr', '12:00:00');
INSERT into Customer values(24611, 915, 'Skellerupvej', '16', 8600, 'Silkeborg', '20:00:00');
INSERT into Customer values(18880, 450, 'Peter Wesselsvej', '1', 9900, 'Frederikshavn', '12:00:00');
INSERT into Customer values(12701, 233, 'Forbindelsesvejen', '148', 9400, 'Nrresundby', '09:00:00');
INSERT into Customer values(13300, 248, 'Bredgade', '24', 8870, 'Lang', '07:15:00');
INSERT into Customer values(5470, 138, 'Kirkebyvej', '8', 6990, 'Ulfborg', '12:00:00');
INSERT into Customer values(2246, 34, 'ster Alle', '16', 8400, 'Ebeltoft', '07:15:00');
INSERT into Customer values(27605, 1189, 'Sjllandsgade', '', 8900, 'Randers', '09:00:00');
INSERT into Customer values(25960, 1000, 'Bredgade', '14', 7480, 'Vildbjerg', '06:45:00');
INSERT into Customer values(12815, 238, 'Elmevej', '62', 9700, 'Brnderslev', '08:30:00');
INSERT into Customer values(21881, 580, 'Postboks', '119', 9850, 'Hirtshals', '06:00:00');
INSERT into Customer values(26861, 1096, 'Merkurvej', '53', 8960, 'Randers S', '09:00:00');
INSERT into Customer values(80220, 1333, 'Stigsborgvej', '60', 9400, 'Nrresundby', '12:00:00');
INSERT into Customer values(14370, 305, 'Vestergade', '11', 7600, 'Struer', '08:30:00');
INSERT into Customer values(27352, 1163, 'Torvegade', '15', 8850, 'Bjerringbro', '08:45:00');
INSERT into Customer values(22060, 606, 'Alligdamvej', '1', 9850, 'Hirtshals', '09:15:00');
INSERT into Customer values(50417, 1202, 'Sndermarksvej', '10', 8340, 'Malling', '07:10:00');
INSERT into Customer values(25661, 974, 'Jens Otto Kraghs Plads', '5', 8900, 'Randers C', '08:30:00');
INSERT into Customer values(18973, 459, 'Klim Strandvej', '5', 9690, 'Fjerritslev', '12:00:00');
INSERT into Customer values(25535, 963, 'Lind Hovedgade', '17', 7400, 'Herning', '09:35:00');
INSERT into Customer values(7185, 166, 'Poststrde', '7', 9460, 'Brovst', '09:15:00');
INSERT into Customer values(26345, 1035, 'Rimmens Alle', '75', 9900, 'Frederikshavn', '12:00:00');
INSERT into Customer values(2364, 41, 'Torvegade', '5', 8450, 'Hammel', '07:00:00');
INSERT into Customer values(25272, 954, 'N.Bohrsvej', '20', 8660, 'Skanderborg', '00:30:00');
INSERT into Customer values(14371, 306, 'Enghavevej', '12', 7620, 'Lemvig', '04:35:00');
INSERT into Customer values(5160, 112, 'Randersvej', '1', 8830, 'Tjele', '10:40:00');
INSERT into Customer values(24595, 903, 'Teglgade', '20-26', 8643, 'Ans By', '23:59:00');
INSERT into Customer values(13477, 274, 'Grdbkvej', '2', 7742, 'Vesls', '06:00:00');
INSERT into Customer values(24436, 805, 'Skolestien', '3', 7700, 'Thisted', '12:00:00');
INSERT into Customer values(27553, 1186, 'Blichersvej', '13', 8320, 'Thorning', '03:15:00');
INSERT into Customer values(15965, 401, 'Hougrdsvej', '66', 8220, 'Brabrand', '10:30:00');
INSERT into Customer values(2991, 79, 'Adelgade', '134-138', 8660, 'Skanderborg', '08:00:00');
INSERT into Customer values(52926, 1247, 'SVEJEN 10 HERRUP', '', 7830, 'VINDERUP', '04:25:00');
INSERT into Customer values(24352, 751, 'Skolevnget', '17', 7400, 'Herning', '23:59:00');
INSERT into Customer values(27125, 1135, 'Hobrovej', '450', 9200, 'Aalborg Sv', '06:05:00');
INSERT into Customer values(26737, 1063, 'Nordens Alle', '14', 9800, 'Hjrring', '09:00:00');
INSERT into Customer values(3266, 83, 'Rdhus Alle', '83', 9900, 'Frederikshavn', '05:35:00');
INSERT into Customer values(14369, 304, 'Nrregade', '58', 7500, 'Holstebro', '06:00:00');
INSERT into Customer values(24459, 825, 'Skoletoften', '3-5', 7830, 'Vinderup', '23:59:00');
INSERT into Customer values(27080, 1128, 'Gimsinghovedvej', '8', 7600, 'Stuer', '20:00:00');
INSERT into Customer values(73968, 1321, 'Prstbrovej', '144', 7950, 'Erslev', '05:10:00');
INSERT into Customer values(7287, 171, 'Godthbsvej', '12', 9230, 'Svenstrup J', '08:00:00');
INSERT into Customer values(24294, 743, 'Stabyvej', '36', 6990, 'Ulfborg', '20:00:00');
INSERT into Customer values(2837, 69, 'Virklundvej', '32', 8600, 'Silkeborg', '10:10:00');
INSERT into Customer values(24487, 849, 'Skydebanevej', '1', 9000, 'AALBORG', '12:00:00');
INSERT into Customer values(50482, 1218, 'Vesterbro', '9', 9881, 'Bindslev', '09:15:00');
INSERT into Customer values(23460, 681, 'Kolt stervej', '37-39', 8361, 'Hasselager', '10:00:00');
INSERT into Customer values(60962, 1274, 'Sindalsvej', '48 A', 8240, 'Risskov', '12:00:00');
INSERT into Customer values(14381, 311, 'Sndergade', '58', 7830, 'Vinderup', '07:15:00');
INSERT into Customer values(13792, 288, 'Syrenvej', '15', 9700, 'Brnderslev', '11:00:00');
INSERT into Customer values(24362, 754, 'Vestergade', '82', 7400, 'Herning', '20:00:00');
INSERT into Customer values(14631, 355, 'Bispensgade', '87', 9800, 'Hjrring', '07:30:00');
INSERT into Customer values(21493, 518, 'Torvet', '2', 8464, 'Galten', '08:40:00');
INSERT into Customer values(50481, 1217, 'Vestergade', '32', 9620, 'lestrup', '04:00:00');
INSERT into Customer values(24384, 760, 'stergade', '11', 7490, 'Aulum', '23:59:00');
INSERT into Customer values(26136, 1024, 'Nejstdalen', '2', 9850, 'Hirtshals', '07:30:00');
INSERT into Customer values(24589, 899, 'Hagelskrvej', '1', 7430, 'Ikast', '20:00:00');
INSERT into Customer values(23458, 680, 'Sndergade', '2', 8840, 'Rdkrsbro', '02:45:00');
INSERT into Customer values(10515, 189, 'Sndergade', '10', 7470, 'Karup', '10:30:00');
INSERT into Customer values(24619, 922, 'Thorsvnget', '1A', 8600, 'Silkeborg', '20:00:00');
INSERT into Customer values(21792, 561, 'Hammerum Hovedgade', '78 A', 7400, 'Herning', '07:30:00');
INSERT into Customer values(23151, 665, 'Bispetorv', '40', 9800, 'Hjrring', '07:35:00');
INSERT into Customer values(22278, 612, 'Sindalsvej', '81', 9981, 'Jerup', '12:00:00');
INSERT into Customer values(24390, 766, 'Halgrdvej', '1-3', 7500, 'Holstebro', '23:00:00');
INSERT into Customer values(12692, 230, 'Udbyhjvej', '87', 8930, 'Randers N', '06:00:00');
INSERT into Customer values(24281, 736, 'Skolevej', '40', 6920, 'Videbk', '23:59:00');
INSERT into Customer values(21880, 580, 'Postboks', '119', 9850, 'Hirtshals', '06:00:00');
INSERT into Customer values(27385, 1179, 'Jegstrupvej', '21', 8800, 'Viborg', '06:30:00');
INSERT into Customer values(244, 4, 'SNDERGADE 19-21', '', 7800, 'SKIVE', '08:15:00');
INSERT into Customer values(15414, 384, 'Sndergade', '49', 8464, 'Galten', '08:00:00');
INSERT into Customer values(21532, 539, 'Park Alle', '9 A', 8960, 'Randers S', '11:00:00');
INSERT into Customer values(13410, 266, 'Sennelsvej', '81', 7700, 'Thisted', '06:20:00');
INSERT into Customer values(24435, 804, 'Silstrupvej', '47', 7700, 'Thisted', '23:59:00');
INSERT into Customer values(5593, 143, 'Vestergade', '23', 7900, 'Nykbing Mors', '07:30:00');
INSERT into Customer values(14388, 318, 'Balle Torv', '1', 8600, 'Silkeborg', '07:00:00');
INSERT into Customer values(24590, 900, 'Vestergade', '47', 7430, 'Ikast', '20:00:00');
INSERT into Customer values(252, 6, 'HOBROVEJ 450', '', 9200, 'LBORG SV', '06:05:00');
INSERT into Customer values(14303, 297, 'Vodskovvej', '31-33', 9310, 'Vodskov', '08:35:00');
INSERT into Customer values(26665, 1051, 'Centervej', '6', 8963, 'Auning', '03:10:00');
INSERT into Customer values(16671, 411, 'Brrupvej', '58', 7800, 'Skive', '03:45:00');
INSERT into Customer values(82338, 1338, 'VESTERGADE 7', '', 7500, 'Holstebro', '07:15:00');
INSERT into Customer values(5587, 142, 'Asylgade', '1', 7700, 'Thisted', '09:45:00');
INSERT into Customer values(24591, 901, 'Jyllandsgade', '10', 7430, 'Ikast', '20:00:00');
INSERT into Customer values(21907, 583, 'Tannisbugtvej', '38', 9881, 'Bindslev', '08:20:00');
INSERT into Customer values(26033, 1018, 'Grundtvigsvej', '86', 9900, 'Frederikshavn', '05:30:00');
INSERT into Customer values(24652, 947, 'Hobro Terminal', '', 9100, 'Hobro', '12:00:00');
INSERT into Customer values(21854, 571, 'Stokkebro', '77', 8500, 'Gren', '10:30:00');
INSERT into Customer values(24410, 783, 'Skolegade', '12', 7570, 'Vemb', '20:00:00');
INSERT into Customer values(24457, 823, 'Gl. Landevej', '24', 7830, 'Vinderup', '23:59:00');
INSERT into Customer values(21879, 580, 'Postboks', '119', 9850, 'Hirtshals', '06:00:00');
INSERT into Customer values(2104, 30, 'Sndermarksgade', '16', 8643, 'Ans By', '03:25:00');
INSERT into Customer values(80525, 1335, 'bybro Mejeri', '', 9440, 'bybro', '04:45:00');
INSERT into Customer values(24434, 803, 'Sennelsvej', '122', 7700, 'Thisted', '12:00:00');
INSERT into Customer values(21904, 581, 'Doravej', '1', 9000, 'Aalborg', '09:15:00');
INSERT into Customer values(26817, 1078, 'Vejgrd Bymidte', '10', 9000, 'lborg', '09:50:00');
INSERT into Customer values(27368, 1170, 'Asylgade', '3-5', 7800, 'Skive', '07:00:00');
INSERT into Customer values(15540, 388, 'lborgvej', '597', 9330, 'Dronninglund', '08:00:00');
INSERT into Customer values(24404, 777, 'Vald Poulsens Vej', '16', 7500, 'Holstebro', '23:59:00');
INSERT into Customer values(24526, 873, 'Lvbakken', '6', 9400, 'NRRESUNDBY', '12:00:00');
INSERT into Customer values(4538, 91, 'Vibk Strandvej', '10', 8400, 'Ebeltoft', '07:20:00');
INSERT into Customer values(24537, 879, 'rebrovej', '128', 9690, 'FJERRITSLEV', '12:00:00');
INSERT into Customer values(26806, 1073, 'Vodskovvej', '17', 9310, 'Vodskov', '08:50:00');
INSERT into Customer values(24465, 831, 'Andrupvej', '1 B', 7860, 'Spttrup', '12:00:00');
INSERT into Customer values(83363, 1346, 'Toftegrdsvej', '12', 9900, 'Frederikshavn', '05:00:00');
INSERT into Customer values(13313, 254, 'Kronborgvej', '40', 8970, 'Havndal', '10:15:00');
INSERT into Customer values(24565, 888, 'Blowsvej', '7', 7500, 'Holstebro', '13:00:00');
INSERT into Customer values(24342, 749, 'Skolesvinget', '3', 7400, 'Herning', '23:59:00');
INSERT into Customer values(27361, 1167, 'Kastetvej', '37', 9000, 'lborg', '10:00:00');
INSERT into Customer values(13285, 245, 'Borgergade', '1', 9740, 'Jerslev', '10:30:00');
INSERT into Customer values(2115, 32, 'stergrdsvej', '278', 8355, 'Solbjerg', '05:25:00');
INSERT into Customer values(22328, 616, 'Kirke All', '2', 7860, 'Spttrup', '10:00:00');
INSERT into Customer values(21324, 495, 'Vestergade', '15', 7700, 'Thisted', '09:30:00');
INSERT into Customer values(26446, 1038, 'Sndergade', '27', 8000, 'Aarhus C', '08:00:00');
INSERT into Customer values(26720, 1059, 'Ny Studstrupvej', '2A', 8541, 'Skdstrup', '08:00:00');
INSERT into Customer values(26874, 1096, 'LUNDIP AQQUTAA B 376 PB 167', '', 3922, 'NANORTALIK', '04:00:00');
INSERT into Customer values(21515, 525, 'Skomagertorvet', '7', 9240, 'Nibe', '06:00:00');
INSERT into Customer values(82467, 1341, 'FINLANDSGADE 17', '', 8200, 'RHUS N', '07:45:00');
INSERT into Customer values(27189, 1141, 'Frijsenborgvej', '5', 8240, 'Risskov', '09:30:00');
INSERT into Customer values(27582, 1188, 'Funch Thomsensgade', '2', 8200, 'rhus N', '12:00:00');
INSERT into Customer values(24468, 834, 'Sallingsundvej', '26', 7870, 'Roslev', '12:00:00');
INSERT into Customer values(24504, 862, 'Gl. Skolevej', '1A', 9240, 'NIBE', '12:00:00');
INSERT into Customer values(12625, 227, 'Strandvejen', '82', 9800, 'Hjrring', '04:45:00');
INSERT into Customer values(24624, 926, 'Skolevej', '10', 8670, 'Lsby', '20:00:00');
INSERT into Customer values(21468, 508, 'Gl. Jenumvej', '3', 8930, 'Randers N', '09:00:00');
INSERT into Customer values(23109, 664, 'Ebeltoftvej', '20', 8544, 'Ebeltoft', '04:40:00');
INSERT into Customer values(26882, 1100, 'Aqqusinersuaq', '2 pb 152', 3900, 'Nuuk', '04:00:00');
INSERT into Customer values(24293, 742, 'Ole Chr. Kirksvej', '8', 6990, 'Ulfborg', '20:00:00');
INSERT into Customer values(14559, 348, 'Grrilds Alle', '72', 8920, 'Randers NV', '12:00:00');
INSERT into Customer values(5646, 149, 'Prstbrovej', '322', 7950, 'Erslev', '04:50:00');
INSERT into Customer values(52211, 1235, 'Vesterhavsgade', '44', 7700, 'Thisted', '06:30:00');
INSERT into Customer values(27380, 1177, 'Sndergade', '14', 8620, 'Kjellerup', '05:15:00');
INSERT into Customer values(22903, 656, 'Rosenvangsall', '50', 8260, 'Viby J', '07:45:00');
INSERT into Customer values(10494, 188, 'ENERGIVEJ 5-11', '', 7600, 'STRUER', '23:55:00');
INSERT into Customer values(27641, 1190, 'Beethovensvej', '10', 7500, 'Holstebro', '10:30:00');
INSERT into Customer values(2704, 58, 'Stationsvej', '2', 8981, 'Spentrup', '10:00:00');
INSERT into Customer values(10809, 193, 'GULDSMEDGADE 3-9', '', 8000, 'RHUS C', '07:45:00');
INSERT into Customer values(27023, 1119, 'Hyttefadvej', '8', 9970, 'Strandby', '08:30:00');
INSERT into Customer values(50486, 1221, 'Markedsvej', '14', 9352, 'Dybvad', '04:55:00');
INSERT into Customer values(26472, 1044, 'Gammel Aalborgvej', '21-23', 8800, 'Viborg', '09:00:00');
INSERT into Customer values(5139, 110, 'Bredgade', '4', 7870, 'Roslev', '04:30:00');
INSERT into Customer values(23766, 725, 'Skovglimt', '2', 9320, 'Hjallerup', '09:00:00');
INSERT into Customer values(21901, 580, 'Ulrik Plesnersvej', '58', 9990, 'Skagen', '08:30:00');
INSERT into Customer values(51807, 1231, 'Industrivej', '8-12', 7700, 'Thisted', '12:00:00');
INSERT into Customer values(26895, 1104, 'Brogrdsvej', '6', 7500, 'Holstebro', '09:00:00');
INSERT into Customer values(25584, 967, 'Hostrupvej', '87', 9500, 'Hobro', '08:15:00');
INSERT into Customer values(27370, 1171, 'Gravene', '30 E', 8800, 'Viborg', '08:00:00');
INSERT into Customer values(50443, 1208, 'Gl. Landevej', '1', 7830, 'Vinderup', '12:00:00');
INSERT into Customer values(12740, 235, 'Flledvej 27', '', 7600, 'Struer', '03:00:00');
INSERT into Customer values(14466, 342, 'Odinsvej', '2', 9800, 'Hjrring', '07:00:00');
INSERT into Customer values(21982, 601, 'Hans Broges Gade', '20', 8000, 'Aarhus C', '09:35:00');
INSERT into Customer values(24651, 946, 'Nrrevnget', '74', 8600, 'Silkeborg', '09:30:00');
INSERT into Customer values(5206, 119, 'Vesterbro', '99', 9000, 'lborg', '07:30:00');
INSERT into Customer values(25701, 978, 'Nhr Srensensvej', '1 B, Gug', 9210, 'Aalborg', '09:00:00');
INSERT into Customer values(23733, 720, 'Nrrevnget', '47A', 8600, 'Silkeborg', '07:20:00');
INSERT into Customer values(82383, 1339, 'MARIAGERVEJ 175', '', 8900, 'Randers C', '07:00:00');
INSERT into Customer values(27118, 1134, 'Vejbyvej', '5', 7860, 'Spttrup', '11:00:00');
INSERT into Customer values(7494, 182, 'Chr. Pedersensvej', '4', 9300, 'Sby', '10:15:00');
INSERT into Customer values(13635, 283, 'Stationsvej', '27', 9440, 'bybro', '10:00:00');
INSERT into Customer values(5185, 114, 'Klostervej', '70', 6950, 'Ringkbing', '09:00:00');
INSERT into Customer values(26687, 1055, 'Engesvangvej', '9', 8600, 'Silkeborg', '12:00:00');
INSERT into Customer values(15841, 393, 'Mariagervej', '3', 9500, 'Hobro', '07:15:00');
INSERT into Customer values(3101, 80, 'Nytorv', '8', 9000, 'Aalborg', '08:30:00');
INSERT into Customer values(24379, 756, 'Fuglevnget', '1', 7480, 'Vildbjerg', '23:59:00');
INSERT into Customer values(22540, 631, 'Sejersvej', '26', 7900, 'Nykbing Mors', '06:40:00');
INSERT into Customer values(14386, 316, 'Anbkvej', '1', 8450, 'Hammel', '10:45:00');
INSERT into Customer values(2891, 77, 'Vericentret Frijsenborgv', '5', 8240, 'Risskov', '09:00:00');
INSERT into Customer values(72765, 1291, 'N.Bohrsvej', '20', 8660, 'Skanderborg', '23:30:00');
INSERT into Customer values(25665, 975, 'Desvej', '109', 7500, 'Holstebro', '07:30:00');
INSERT into Customer values(24442, 810, 'Limfjordsgade', '9', 7752, 'Snedsted', '20:00:00');
INSERT into Customer values(24460, 826, 'Skolevnget', '14', 7830, 'Vinderup', '23:59:00');
INSERT into Customer values(21249, 479, 'Vestergade', '63', 7430, 'Ikast', '05:15:00');
INSERT into Customer values(25971, 1009, 'Stationsvej', '2', 9330, 'Dronninglund', '07:00:00');
INSERT into Customer values(26807, 1074, 'Strmgade', '5-7', 9760, 'Vr', '05:30:00');
INSERT into Customer values(22655, 647, 'Tulipvej 1', '1', 8940, 'Randers SV', '12:00:00');
INSERT into Customer values(26802, 1071, 'Mosbjergvej', '429', 9870, 'Sindal', '08:05:00');
INSERT into Customer values(16651, 409, 'Rdhusstrdet', '2', 7430, 'Ikast', '05:30:00');
INSERT into Customer values(15833, 392, 'Bygaden', '8', 9610, 'Nrager', '06:30:00');
INSERT into Customer values(24481, 843, 'Dr. Christinesvej', '6', 9000, 'AALBORG', '12:00:00');
INSERT into Customer values(2392, 43, 'Langelinie', '62', 8464, 'Galten', '12:00:00');
INSERT into Customer values(5403, 131, 'Skivevej', '169', 8800, 'Viborg', '11:00:00');
INSERT into Customer values(25887, 990, 'Bytorvet', '3', 7730, 'Hanstholm', '07:30:00');
INSERT into Customer values(5689, 152, 'Frugtparken', '1', 7800, 'Skive', '08:00:00');
INSERT into Customer values(26798, 1067, 'Sndergade', '1', 9870, 'Sindal', '09:30:00');
INSERT into Customer values(25839, 985, 'Toftevej', '11', 8543, 'Hornslet', '10:00:00');
INSERT into Customer values(11618, 211, 'strupvej', '1', 9800, 'Hjrring', '08:50:00');
INSERT into Customer values(10815, 195, 'ADELGADE 39', '', 9500, 'Hobro', '08:05:00');
INSERT into Customer values(26877, 1097, 'ILLOQARFIUP QEQQA 10 PB 512', '', 3940, 'PAAMIUT', '04:00:00');
INSERT into Customer values(27510, 1183, 'Hjermvej', '9', 7500, 'Holstebro', '11:00:00');
INSERT into Customer values(22533, 629, 'Rolighedsvej', '6', 8881, 'Thors', '04:55:00');
INSERT into Customer values(21970, 598, 'Kaj Lindbergsgade', '75', 7730, 'Hanstholm', '08:00:00');
INSERT into Customer values(21846, 569, 'Struervej', '63-65', 7500, 'Holstebro', '06:30:00');
INSERT into Customer values(22427, 623, 'Stensgade', '6', 9541, 'Suldrup', '08:35:00');
INSERT into Customer values(26322, 1033, 'Fjordvej', '102', 7870, 'Roslev', '09:30:00');
INSERT into Customer values(15371, 382, 'Bredgade', '5', 9750, 'ster Vr', '06:25:00');
INSERT into Customer values(26793, 1065, 'Kystevejen', '51', 9560, 'Hadsund', '08:20:00');
INSERT into Customer values(50492, 1224, 'Haubrovej', '5', 9600, 'rs', '10:00:00');
INSERT into Customer values(2771, 67, 'Beringvej', '2', 8361, 'Hasselager', '05:30:00');
INSERT into Customer values(24575, 892, 'Hovedgaden', '1', 7400, 'Herning', '23:59:00');
INSERT into Customer values(21787, 560, 'Gl. Aalborgvej', '11', 8830, 'Tjele', '06:15:00');
INSERT into Customer values(71069, 1277, 'Limfjordsvej', '1', 9670, 'Lgstr', '07:30:00');
INSERT into Customer values(18889, 458, 'Vestergade', '10', 7400, 'Herning', '09:30:00');
INSERT into Customer values(21658, 551, 'Finderupvej', '1-3', 8000, 'Aarhus', '09:30:00');
INSERT into Customer values(26947, 1107, 'Bredgade', '166', 7760, 'Hurup Thy', '08:30:00');
INSERT into Customer values(72747, 1290, 'H. C. rstedsvej', '5', 9900, 'Frederikshavn', '06:00:00');
INSERT into Customer values(27147, 1136, 'Centervej', '85', 8520, 'Lystrup', '09:45:00');
INSERT into Customer values(11855, 219, 'Nrreled', '6', 9620, 'lestrup', '03:45:00');
INSERT into Customer values(25697, 977, 'Vesterbrogade', '1', 7860, 'Spttrup', '08:00:00');
INSERT into Customer values(27332, 1153, 'Padborgvej', '298', 8600, 'Silkeborg', '05:00:00');
INSERT into Customer values(16175, 405, 'Ellehammersvej', '54', 9430, 'Vadum', '05:35:00');
INSERT into Customer values(21489, 514, 'Stationstorvet', '2', 9330, 'Dronninglund', '07:30:00');
INSERT into Customer values(24480, 842, 'Chresten Koldsvej', '1', 9000, 'AALBORG', '12:00:00');
INSERT into Customer values(2265, 35, 'NORDRE STRANDVEJ 12-14', '', 8400, 'Ebeltoft', '12:00:00');
INSERT into Customer values(23660, 712, 'Bytorvet', '18', 9510, 'Arden', '07:00:00');
INSERT into Customer values(21865, 575, 'Hybenvej', '11', 9300, 'Sby', '12:00:00');
INSERT into Customer values(258, 7, 'NYHOLMVEJ 20', '', 7500, 'HOLSTEBRO', '06:00:00');
INSERT into Customer values(5162, 113, 'Lemvigvej', '5', 7673, 'Harbor', '08:15:00');
INSERT into Customer values(21520, 528, 'Forsythiavej', '2', 9500, 'Hobro', '09:00:00');
INSERT into Customer values(13947, 293, 'Stationsvej 30-32', '30-32', 7800, 'Skive', '10:00:00');
INSERT into Customer values(12671, 229, 'Skagensvej', '29', 9982, 'lbk', '06:50:00');
INSERT into Customer values(25669, 976, 'Grndahlsvej', '20', 7400, 'Herning', '10:00:00');
INSERT into Customer values(50427, 1205, 'Vesterbro Torv', '1', 8000, 'Aarhus C', '07:00:00');
INSERT into Customer values(2752, 64, 'Havkrvej, Tilst', '5', 8381, 'Mundelstrup', '11:00:00');
INSERT into Customer values(2410, 46, 'Lrkevej', '15', 8882, 'Frvang', '10:30:00');
INSERT into Customer values(25636, 971, 'Michael Drewsens Vej', '7', 8270, 'Hjbjerg', '12:00:00');
INSERT into Customer values(14460, 336, 'Gl. Hobrovej', '2', 9550, 'Mariager', '09:00:00');
INSERT into Customer values(23551, 696, 'Holstebrovej', '91', 7800, 'Skive', '06:30:00');
INSERT into Customer values(60186, 1270, 'stergade', '29-31', 9440, 'bybro', '07:00:00');
INSERT into Customer values(23571, 697, 'Jernbanegade', '26', 8881, 'Thors', '06:00:00');
INSERT into Customer values(50490, 1223, 'stergade', '5', 9900, 'Frederikshavn', '09:45:00');
INSERT into Customer values(7070, 157, 'lborgvej', '326', 9362, 'Gandrup', '09:30:00');
INSERT into Customer values(21641, 547, 'Ekkovej', '4', 8382, 'Hinnerup', '11:00:00');
INSERT into Customer values(21625, 547, 'Skaadsmosevej', '11', 6950, 'Ringkbing', '09:00:00');
INSERT into Customer values(23432, 676, 'Funch Thomsensgade', '2', 8200, 'Aarhus N', '10:15:00');
INSERT into Customer values(24577, 894, 'Skalmejevej', '33', 7451, 'Sunds', '23:59:00');
INSERT into Customer values(25967, 1006, 'Lsgade', '16', 9900, 'Frederikshavn', '05:30:00');
INSERT into Customer values(50462, 1212, 'Asselsvej', '174', 7990, 'ster-Assels', '10:00:00');
INSERT into Customer values(82308, 1337, 'GULDSMEDGADE 3-9', '', 8000, 'RHUS C', '06:30:00');
INSERT into Customer values(21254, 483, 'Adelgade', '70', 8660, 'Skanderborg', '08:00:00');
INSERT into Customer values(21486, 511, 'gade', '20', 8370, 'Hadsten', '05:25:00');
INSERT into Customer values(24422, 794, 'Skolevnget', '11', 7620, 'Lemvig', '20:00:00');
INSERT into Customer values(26843, 1091, 'Skrupvej', '14', 9500, 'Hobro', '05:00:00');
INSERT into Customer values(24289, 739, 'Klostervej', '85', 6950, 'Ringkbing', '20:00:00');
INSERT into Customer values(26805, 1073, 'Toften', '1A', 9240, 'Nibe', '09:30:00');
INSERT into Customer values(15180, 376, 'Sndermarksgade', '10', 8643, 'Ans By', '03:35:00');
INSERT into Customer values(27557, 1186, 'Paludan Mllersvej', '92', 8200, 'rhus N', '12:00:00');
INSERT into Customer values(27470, 1183, 'Beringvej', '2', 8361, 'Hasselager', '04:10:00');
INSERT into Customer values(27201, 1142, 'Bygaden', '6', 7430, 'Ikast', '11:00:00');
INSERT into Customer values(14397, 324, 'Markedsgade', '1', 8870, 'Lang', '07:30:00');
INSERT into Customer values(21411, 503, 'Vesterbrogade', '2', 7600, 'Struer', '07:00:00');
INSERT into Customer values(2754, 65, 'rhusvej', '44', 8400, 'Ebeltoft', '09:35:00');
INSERT into Customer values(18878, 448, 'Brorsonsvej', '1', 9310, 'Vodskov', '12:00:00');
INSERT into Customer values(26830, 1085, 'Springvandspladsen', '2', 9310, 'Vodskov', '03:45:00');
INSERT into Customer values(26800, 1069, 'Limfjordsvej', '17', 9670, 'Lgstr', '07:15:00');
INSERT into Customer values(2394, 44, 'Storegade', '7', 8382, 'Hinnerup', '06:10:00');
INSERT into Customer values(26836, 1087, 'Storegade', '15', 9550, 'Mariager', '09:30:00');
INSERT into Customer values(14889, 366, 'Holstebrovej 79', '', 8800, 'Viborg', '08:20:00');
INSERT into Customer values(24400, 774, 'Skolevej', '7', 7500, 'Holstebro', '23:00:00');
INSERT into Customer values(5143, 111, 'Annebergvej', '5', 6971, 'Spjald', '12:00:00');
INSERT into Customer values(16785, 416, 'Sbyvej', '3', 9340, 'Asaa', '08:00:00');
INSERT into Customer values(24643, 943, 'Trekronervej', '12-14', 8800, 'Viborg', '12:00:00');
INSERT into Customer values(25705, 979, 'Algade', '5', 7900, 'Nykbing M', '07:00:00');
INSERT into Customer values(26880, 1099, 'A. OLSENSVEJ B 852 BOX 525', '', 3920, 'QAQORTOQ', '04:00:00');
INSERT into Customer values(13520, 278, 'Hjevej', '25', 6900, 'Skjern', '09:35:00');
INSERT into Customer values(26858, 1095, 'Merkurvej', '53', 8960, 'Randers S', '06:45:00');
INSERT into Customer values(22402, 620, 'lborgvej', '86', 9800, 'Hjrring', '12:00:00');
INSERT into Customer values(24430, 800, 'Hillerslev Krvej', '9', 7700, 'Thisted', '12:00:00');
INSERT into Customer values(7346, 173, 'Tranhj', '4', 9460, 'Brovst', '09:00:00');
INSERT into Customer values(27512, 1184, 'sterbro', '40', 9000, 'Aalborg', '12:00:00');
INSERT into Customer values(13570, 281, 'Horsensvej', '22', 9310, 'Vodskov', '03:45:00');
INSERT into Customer values(73825, 1314, 'Herredsgade', '5-7', 6990, 'Ulfborg', '09:30:00');
INSERT into Customer values(26468, 1043, 'Kjeldsmarkvej', '3-9', 7600, 'Struer', '10:00:00');
INSERT into Customer values(24599, 905, 'Buskelundtoften', '5', 8600, 'Silkeborg', '20:00:00');
INSERT into Customer values(26839, 1088, 'Vesterbro', '2', 9631, 'Gedsted', '03:30:00');
INSERT into Customer values(14377, 307, 'Rosenkrantzgade', '3', 7700, 'Thisted', '09:05:00');
INSERT into Customer values(5679, 150, 'Skagerakvej', '4', 9850, 'Hirtshals', '07:20:00');
INSERT into Customer values(72650, 1289, 'Bredgade', '4', 9750, 'stervr', '06:15:00');
INSERT into Customer values(7235, 170, 'Veddum Hovedgade', '26', 9560, 'Hadsund', '07:25:00');
INSERT into Customer values(23392, 671, 'sterbrogade', '63', 8500, 'Gren', '08:45:00');
INSERT into Customer values(27212, 1143, 'Rdmands Boulevard', '45', 8900, 'Randers', '08:15:00');
INSERT into Customer values(24416, 788, 'Algade', '92', 7620, 'Lemvig', '20:00:00');
INSERT into Customer values(18879, 449, 'Elmevej', '100', 9700, 'Brnderslev', '12:00:00');
INSERT into Customer values(21762, 560, 'Beta', '1', 8382, 'Hinnerup', '23:00:00');
INSERT into Customer values(24640, 940, 'Koldingvej', '114', 8800, 'Viborg', '12:00:00');
INSERT into Customer values(24556, 886, 'Svejen', '10', 7830, 'Vinderup', '13:00:00');
INSERT into Customer values(27012, 1115, 'Vestergade', '7', 7500, 'Holstebro', '10:00:00');
INSERT into Customer values(50403, 1197, 'Ryesgade, Gl. Rye', '28', 8680, 'Ry', '09:45:00');
INSERT into Customer values(2096, 28, 'Hovedgaden', '80', 8961, 'Allingbro', '12:00:00');
INSERT into Customer values(24629, 929, 'Spttevej', '2', 8800, 'Viborg', '12:00:00');
INSERT into Customer values(23596, 703, 'Thulebakken', '42', 9000, 'lborg', '09:00:00');
INSERT into Customer values(15863, 395, 'Lkkensvej', '821', 9480, 'Lkken', '07:45:00');
INSERT into Customer values(24280, 735, 'Skolevej', '40', 6920, 'Videbk', '20:00:00');
INSERT into Customer values(52471, 1241, 'Mariendalsvej', '9', 8800, 'Viborg', '07:30:00');
INSERT into Customer values(24609, 913, 'Skolegade', '4-12', 8600, 'Silkeborg', '20:00:00');
INSERT into Customer values(17049, 418, 'Jernbanegade', '2', 9560, 'Hadsund', '06:55:00');
INSERT into Customer values(23424, 674, 'Aalborgvej', '14', 9460, 'Brovst', '11:00:00');
INSERT into Customer values(60035, 1258, 'Agervej', '7', 8381, 'Tilst', '07:00:00');
INSERT into Customer values(24483, 845, 'Gl. Krvej', '28-30', 9000, 'AALBORG', '12:00:00');
INSERT into Customer values(27333, 1154, 'Nylandsvej', '11', 7830, 'Vinderup', '07:10:00');
INSERT into Customer values(4548, 94, 'Skt. Knuds Torv', '2', 8000, 'Aarhus C', '09:00:00');
INSERT into Customer values(23374, 670, 'Stenbjergvej', '1', 9220, 'Aalborg', '05:00:00');
INSERT into Customer values(7091, 160, 'Midtergade', '20', 9370, 'Hals', '04:35:00');
INSERT into Customer values(27314, 1147, 'Herningcentret,Merkurvej', '1', 7400, 'Herning', '08:15:00');
INSERT into Customer values(25843, 986, 'Nytorv', '8', 9000, 'Aalborg C', '08:30:00');
INSERT into Customer values(23504, 687, 'Klvervangen', '108', 8541, 'Skdstrup', '07:00:00');
INSERT into Customer values(13316, 255, 'Nssundvej', '358', 7960, 'Karby', '09:15:00');
INSERT into Customer values(14890, 367, 'Holstebrovej', '79', 8800, 'Viborg', '05:00:00');
INSERT into Customer values(21307, 491, 'Fabjergstad', '52', 7620, 'Lemvig', '04:20:00');
INSERT into Customer values(14421, 332, 'Vestergade', '22', 9400, 'Nrresundby', '10:05:00');
INSERT into Customer values(22280, 613, 'Foulumvej', '12', 9640, 'Fars', '04:20:00');
INSERT into Customer values(24641, 941, 'Husbondvej', '39', 8850, 'Bjerringbro', '23:59:00');
INSERT into Customer values(24286, 737, 'Adelvej', '45', 6940, 'Lem St.', '20:00:00');
INSERT into Customer values(24302, 744, 'Brndgrdvej', '4', 7400, 'Herning', '23:59:00');
INSERT into Customer values(18887, 456, 'Frejlev Skolevej 7, Frejlev', '', 9200, 'lborg SV', '12:00:00');
INSERT into Customer values(26813, 1076, 'Hjrringvej', '120', 9300, 'Sby', '05:15:00');
INSERT into Customer values(14554, 347, 'Jernbanealle', '7', 7480, 'Vildbjerg', '06:15:00');
INSERT into Customer values(26824, 1081, 'Terndrup Centervej', '1', 9575, 'Terndrup', '10:00:00');
INSERT into Customer values(14407, 326, 'Jernbanegade', '6 b', 8900, 'Randers C', '08:00:00');
INSERT into Customer values(7415, 175, 'ADELGADE 14', '', 9500, 'HOBRO', '06:00:00');
INSERT into Customer values(13555, 279, 'Markedsgade', '10 A', 8900, 'Randers C', '06:00:00');
INSERT into Customer values(5211, 122, 'Vissevej', '1', 9210, 'lborg S', '09:00:00');
INSERT into Customer values(25532, 961, 'Vissevej 1 B (byggenr)', '', 9210, 'lborg S', '12:00:00');
INSERT into Customer values(24633, 933, 'Egeskovvej', '75', 8800, 'Viborg', '23:59:00');
INSERT into Customer values(24474, 838, 'Skolestrde', '15', 7900, 'Nykbing M', '12:00:00');
INSERT into Customer values(27344, 1158, 'Nattergalvej', '35', 8930, 'Randers N', '06:00:00');
INSERT into Customer values(21620, 545, 'Randersvej', '60', 8800, 'Viborg', '05:15:00');
INSERT into Customer values(24409, 782, 'Skolevej', '1', 7560, 'Hjerm', '23:59:00');
INSERT into Customer values(27355, 1164, 'Koktvedsvej', '33', 9900, 'Frederikshavn', '08:00:00');
INSERT into Customer values(24469, 835, 'Skolevej', '11', 7870, 'Roslev', '12:00:00');
INSERT into Customer values(24386, 762, 'Bukdalvej', '1', 7500, 'Holstebro', '23:00:00');
INSERT into Customer values(18882, 452, 'Bakmllevej', '280', 9380, 'Vestbjerg', '12:00:00');
INSERT into Customer values(27013, 1115, 'Storegade', '1', 8960, 'rsted', '12:00:00');
INSERT into Customer values(14394, 322, 'Koldingvej', '99', 8800, 'Viborg', '06:00:00');
INSERT into Customer values(103, 2, 'NY TORV', '', 9000, 'LBORG', '08:30:00');
INSERT into Customer values(13308, 253, 'Hovedgaden', '60', 9640, 'Fars', '09:45:00');
INSERT into Customer values(23705, 716, 'Hgevej', '2', 6920, 'Videbk', '08:35:00');
INSERT into Customer values(26995, 1112, 'Marsk Stigs Vej', '12', 8800, 'Viborg', '08:00:00');
INSERT into Customer values(27045, 1123, 'Otto Mnstedsvej', '1', 9200, 'Aalborg', '04:00:00');
INSERT into Customer values(15521, 386, 'Stationspladsen', '4', 8340, 'Malling', '07:20:00');
INSERT into Customer values(26719, 1058, 'Hjallerup Centeret', '22', 9320, 'Hjalleurp', '04:45:00');
INSERT into Customer values(24517, 869, 'Hellasvej', '17', 9270, 'KLARUP', '12:00:00');
INSERT into Customer values(13556, 280, 'Hobrovej', '751', 9230, 'Svenstrup J', '07:30:00');
INSERT into Customer values(60144, 1267, 'Adelgade', '39', 9500, 'Hobro', '06:30:00');
INSERT into Customer values(2778, 68, 'Hovedgaden', '23', 8860, 'Ulstrup', '08:00:00');
INSERT into Customer values(52332, 1238, 'Hgevej', '2', 6920, 'Videbk', '08:35:00');
INSERT into Customer values(14463, 339, 'T.H.Eriksensvej', '22A', 9640, 'Fars', '10:00:00');
INSERT into Customer values(16737, 414, 'Parallelvej', '2', 8620, 'Kjellerup', '10:00:00');
INSERT into Customer values(5285, 125, 'lbkvej', '1', 7860, 'Spttrup', '12:00:00');
INSERT into Customer values(24446, 814, 'Jupitervej', '26', 7790, 'Thyholm', '20:00:00');
INSERT into Customer values(26889, 1102, 'AQQUSINERSUAQ 52 PB 1019', '', 3911, 'SISIMUT GRNLAND', '04:00:00');
INSERT into Customer values(21294, 489, 'Vesterbro', '62', 9000, 'lborg', '08:00:00');
INSERT into Customer values(27131, 1136, 'Finlandsgade', '17-19', 8200, 'rhus N', '07:30:00');
INSERT into Customer values(27210, 1142, 'Nordre Hjmarksvej', '3', 8600, 'Silkeborg', '10:00:00');
INSERT into Customer values(22073, 607, 'Sbygrdsvej', '34', 9300, 'Sby', '12:00:00');
INSERT into Customer values(14855, 363, 'Nrregade', '2', 8370, 'Hadsten', '04:50:00');
INSERT into Customer values(24394, 770, 'Mejrup Kirkevej', '3', 7500, 'Holstebro', '23:00:00');
INSERT into Customer values(13807, 290, 'Rustrupvej', '47', 8600, 'Silkeborg', '10:30:00');
INSERT into Customer values(26147, 1026, 'sterbrogade', '54', 9400, 'Nrresundby', '10:30:00');
INSERT into Customer values(27335, 1155, 'Hovedgaden', '57', 8410, 'Rnde', '05:30:00');
INSERT into Customer values(22346, 617, 'Havvejen', '167', 9690, 'Fjerritslev', '10:10:00');
INSERT into Customer values(52530, 1243, 'Hovedgaden', '54', 6973, 'rnhj', '07:05:00');
INSERT into Customer values(14393, 321, 'Vroldvej', '31', 8660, 'Skanderborg', '09:00:00');
INSERT into Customer values(72697, 1289, 'Tinghjgade', '11', 9493, 'Saltum', '05:10:00');
INSERT into Customer values(7090, 159, 'Sundvej', '5', 9640, 'Fars', '03:30:00');
INSERT into Customer values(5514, 139, 'Hovedgaden', '31', 6980, 'Tim', '12:00:00');
INSERT into Customer values(24454, 820, 'Kisumvej', '30', 7800, 'Skive', '12:00:00');
INSERT into Customer values(50483, 1219, 'Jernbanegade', '2 - 4', 9460, 'Brovst', '08:40:00');
INSERT into Customer values(14880, 364, 'Uglesvej', '1', 8600, 'Silkeborg', '12:00:00');
INSERT into Customer values(5128, 107, 'Sundevej', '3A', 7884, 'Fur', '11:00:00');
INSERT into Customer values(14364, 299, 'Lind Hovedgade', '2', 7400, 'Herning', '09:15:00');
INSERT into Customer values(26833, 1086, 'Brugsvej', '7', 9240, 'Nibe', '12:00:00');
INSERT into Customer values(21318, 492, 'Ved Banen', '14', 9870, 'Sindal', '07:15:00');
INSERT into Customer values(21624, 546, 'Skaadsmosevej', '11', 6950, 'Ringkbing', '10:40:00');
INSERT into Customer values(71380, 1278, 'STATIONSVEJ 21', '', 9670, 'LGSTR', '12:00:00');
INSERT into Customer values(24421, 793, 'Nissumvej', '10', 7620, 'Lemvig', '20:00:00');
INSERT into Customer values(3223, 81, 'Sct. Laurentievej', '105', 9990, 'Skagen', '08:55:00');
INSERT into Customer values(5212, 123, 'Vesterbrogade', '16', 8800, 'Viborg', '09:30:00');
INSERT into Customer values(13850, 291, 'Brogade', '78', 7660, 'Bkmarksbro', '08:30:00');
INSERT into Customer values(50408, 1200, 'Spobjergvej', '5', 8220, 'Brabrand', '11:00:00');
INSERT into Customer values(22840, 652, 'Torshjvej 59, Kolt', '', 8362, 'Hrning', '03:30:00');
INSERT into Customer values(2435, 47, 'Nrre All+', '27', 8362, 'Hrning', '06:00:00');
INSERT into Customer values(54521, 1250, 'Gl. Kongevej', '62', 7442, 'Engesvang', '08:30:00');
INSERT into Customer values(24439, 808, 'Vesterbyvej', '1A', 7700, 'Thisted', '12:00:00');
INSERT into Customer values(71732, 1280, 'Danevej', '27', 9990, 'Skagen', '08:25:00');
INSERT into Customer values(27160, 1138, 'Ballingvej', '62 B', 7800, 'Skive', '11:00:00');
INSERT into Customer values(5056, 101, 'kjrvej', '1', 7870, 'Roslev', '08:00:00');
INSERT into Customer values(21964, 593, 'Vesterhavsgade', '103', 7700, 'Thisted', '08:15:00');
INSERT into Customer values(27365, 1169, 'Kappelvnget, Center V', '8', 8210, 'Aarhus V', '10:00:00');
INSERT into Customer values(23471, 685, 'Golfvej', '5', 7400, 'Herning', '12:00:00');
INSERT into Customer values(7491, 181, 'Bredgade', '9', 9490, 'Pandrup', '03:45:00');
INSERT into Customer values(82473, 1342, 'NYHOLMVEJ 20', '', 7500, 'Holstebro', '06:00:00');
INSERT into Customer values(21967, 596, 'sterild Byvej', '79', 7700, 'Thisted', '06:10:00');
INSERT into Customer values(82439, 1340, 'AGERVEJ 7, TILST', '', 8381, 'Mundelstrup', '07:15:00');
INSERT into Customer values(12386, 225, 'Borgergade', '19', 7860, 'Spttrup', '12:00:00');
INSERT into Customer values(25598, 969, 'Vestervangsvej', '12', 8800, 'Viborg', '11:00:00');
INSERT into Customer values(23437, 678, 'Ringvej Syd', '100', 8260, 'Viby J', '05:45:00');
INSERT into Customer values(21867, 576, 'Islandsgade', '21', 9870, 'Sindal', '12:00:00');
INSERT into Customer values(73598, 1306, 'NIELS JUELSVEJ 6 BOX 119', '', 9850, 'HIRTSHALS', '06:00:00');
INSERT into Customer values(27378, 1176, 'Mejlstedgade', '9', 9700, 'Brnderslev', '04:15:00');
INSERT into Customer values(50470, 1213, 'Enghaven', '12', 7500, 'Holstebro', '09:20:00');
INSERT into Customer values(13303, 249, 'Fjordgade', '6', 7900, 'Nykbing Mors', '07:30:00');
INSERT into Customer values(60025, 1254, 'M. P. Bruunsgade', '55', 8000, 'rhus C', '07:20:00');
INSERT into Customer values(4434, 88, 'stergade', '9', 8600, 'Silkeborg', '08:45:00');
INSERT into Customer values(24551, 885, 'Pladsen', '1', 9870, 'SINDAL', '12:00:00');
INSERT into Customer values(25966, 1005, 'GL. Skagenvej', '85', 9900, 'Frederikshavn', '08:25:00');
INSERT into Customer values(52119, 1232, 'Vestervigvej', '63', 7755, 'Bedsted Thy', '06:30:00');
INSERT into Customer values(26516, 1048, 'Industrivej', '8', 7700, 'Thisted', '07:00:00');
INSERT into Customer values(23631, 708, 'H.P.Hansens Vej', '50', 7400, 'Herning', '07:00:00');
INSERT into Customer values(22561, 639, 'Krmmergade', '7', 9240, 'Nibe', '10:00:00');
INSERT into Customer values(13486, 275, 'Skelmosevej', '89', 6980, 'Tim', '10:15:00');
INSERT into Customer values(26104, 1022, 'Blomsterbakken', '4', 9380, 'Vestbjerg', '07:30:00');
INSERT into Customer values(14363, 298, 'Klokkekildevej', '23', 7400, 'Herning', '07:30:00');
INSERT into Customer values(24588, 898, 'Hyldgrds Alle', '9', 7430, 'Ikast', '23:59:00');
INSERT into Customer values(27109, 1131, 'Frederiksgade', '25', 8000, 'rhus C', '11:00:00');
INSERT into Customer values(80077, 1332, 'Amalienborgvej', '57-61', 9400, 'Nrresundby', '03:00:00');
INSERT into Customer values(14405, 325, 'Pramvej', '4', 8940, 'Randers', '08:00:00');
INSERT into Customer values(22049, 603, 'Nr. Trandersvej', '99', 9000, 'Aalborg', '10:25:00');
INSERT into Customer values(14895, 370, 'Holstebrovej 79', '', 8800, 'Viborg', '08:20:00');
INSERT into Customer values(72368, 1286, 'Snderbro', '12', 9881, 'Bindslev', '08:55:00');
INSERT into Customer values(24470, 836, 'Vestergrdsvej', '8', 7870, 'Roslev', '12:00:00');
INSERT into Customer values(2011, 26, 'Haslevej', '3', 8230, 'byhj', '07:00:00');
INSERT into Customer values(26811, 1075, 'Vestergade', '35', 9681, 'Ranum', '09:00:00');
INSERT into Customer values(50753, 1227, 'Beringvej', '2', 8361, 'Hasselager', '22:30:00');
INSERT into Customer values(24450, 816, 'Dsbjergvej', '17', 7800, 'Skive', '23:00:00');
INSERT into Customer values(26841, 1089, 'sterbro', '17', 8970, 'Havndal', '10:00:00');
INSERT into Customer values(14847, 361, 'Torshjvej', '59', 8362, 'Hrning', '10:00:00');
INSERT into Customer values(2318, 40, 'Glesborg Bygade', '54', 8585, 'Glesborg', '05:30:00');
INSERT into Customer values(18888, 457, 'Terndrup Center', '1 A', 9575, 'Terndrup', '10:15:00');
INSERT into Customer values(72075, 1282, 'Bredkrsvej', '7', 9320, 'Hjallerup', '09:00:00');
INSERT into Customer values(27021, 1117, 'Hjallerup Butikscenter', '7', 9320, 'Hjallerup', '07:30:00');
INSERT into Customer values(7095, 162, 'Himmerlandsgade', '2', 9560, 'Hadsund', '05:55:00');
INSERT into Customer values(5118, 104, 'Sndergade', '3', 7470, 'Karup J', '11:00:00');
INSERT into Customer values(12695, 231, 'Haurumsvej', '8', 8381, 'Tilst', '07:00:00');
INSERT into Customer values(60066, 1260, 'Finlandsgade', '17-19', 8200, 'rhus N', '07:45:00');
INSERT into Customer values(27007, 1114, 'Nrre Boulevard', '22', 8900, 'Randers', '08:00:00');
INSERT into Customer values(27305, 1145, 'Strget', '4-6', 7430, 'Ikast', '05:30:00');
INSERT into Customer values(15361, 381, 'Sydhavnsvej', '1', 7700, 'Thisted', '10:30:00');
INSERT into Customer values(24533, 878, 'Terpsvej', '1', 9440, 'AABYBRO', '12:00:00');
INSERT into Customer values(27316, 1148, 'Merkurvej', '1', 7400, 'Herning', '08:00:00');
INSERT into Customer values(2398, 45, 'Hundkjrvej', '2-4', 8530, 'Hjortshj', '12:00:00');
INSERT into Customer values(5208, 120, 'Hadsundvej', '75', 9000, 'lborg', '09:25:00');
INSERT into Customer values(24612, 916, 'Sognegrdsvej', '41', 8620, 'Kjellerup', '23:59:00');
INSERT into Customer values(50986, 1229, 'Borgergade', '74 - 78', 8600, 'Silkeborg', '07:40:00');
INSERT into Customer values(27386, 1180, 'Nrrealle', '16', 8362, 'Hrning', '06:35:00');
INSERT into Customer values(5713, 153, 'Sndercenter gade', '2', 7800, 'Skive', '04:30:00');
INSERT into Customer values(24492, 854, 'Stjernevej', '5', 9200, 'AALBORG SV', '12:00:00');
INSERT into Customer values(27356, 1165, 'Parallelvej', '74', 6960, 'Hvide Sande', '10:15:00');
INSERT into Customer values(24970, 951, 'Alexander Foss Gade', '30', 9000, 'lborg', '07:00:00');
INSERT into Customer values(13380, 262, 'Seminarievej', '9', 7620, 'Lemvig', '05:00:00');
INSERT into Customer values(14418, 330, 'Gugvej', '211', 9210, 'lborg S', '08:15:00');
INSERT into Customer values(26891, 1103, 'Eg Havvej', '2 C', 8250, 'Eg', '06:10:00');
INSERT into Customer values(24606, 911, 'Grauballe Gudenvej', '21', 8600, 'Silkeborg', '20:00:00');
INSERT into Customer values(25819, 984, 'Daugbjergvej', '26', 8000, 'rhus C', '12:00:00');
INSERT into Customer values(4566, 97, 'Frisenborgvej', '5', 8240, 'Risskov', '10:00:00');
INSERT into Customer values(24380, 757, 'Herningvej', '70 A', 7480, 'Vildbjerg', '23:59:00');
INSERT into Customer values(21394, 500, 'Stygge Krumpens Vej', '2', 9300, 'Sby', '06:00:00');
INSERT into Customer values(27321, 1148, 'Loftbrovej', '17', 9400, 'Nrresundby', '08:30:00');
INSERT into Customer values(50413, 1202, 'Centervej', '85', 8520, 'Lystrup', '09:45:00');
INSERT into Customer values(790, 22, 'Essen', '30', 6000, 'Kolding', '01:45:00');
INSERT into Customer values(22393, 619, 'Gennem Landet', '76', 8592, 'Anholt', '12:00:00');
INSERT into Customer values(2279, 36, 'Strandvejen', '8', 8585, 'Glesborg', '05:15:00');
INSERT into Customer values(23080, 661, 'Mrslet Byvej', '28', 8320, 'Mrslet', '08:30:00');
INSERT into Customer values(21972, 599, 'Vorningvej', '75', 8830, 'Tjele', '06:35:00');
INSERT into Customer values(24424, 796, 'Hvsrevej', '13', 7650, 'Bvlingbjerg', '20:00:00');
INSERT into Customer values(5436, 133, 'Butikstorvet', '22', 9560, 'Hadsund', '06:25:00');
INSERT into Customer values(25814, 984, 'Sndergade', '27', 8000, 'Aarhus', '08:00:00');
INSERT into Customer values(24437, 806, 'Stensagervej', '19', 7700, 'THISTED', '12:00:00');
INSERT into Customer values(11113, 204, 'Nyholmvej', '20', 7500, 'Holstebro', '06:45:00');
INSERT into Customer values(24464, 830, 'Vesterled', '3-5', 7850, 'Stoholm', '12:00:00');
INSERT into Customer values(23627, 706, 'Gl. Hadsundvej', '22', 8900, 'Randers', '10:00:00');
INSERT into Customer values(26343, 1034, 'Norgesvej', '6', 9800, 'Hjrring', '12:00:00');
INSERT into Customer values(7198, 168, 'Danmarksgade', '21', 9293, 'Kongerslev', '09:25:00');
INSERT into Customer values(24570, 890, 'Skolegade', '15', 8881, 'Thors', '23:59:00');
INSERT into Customer values(26429, 1038, 'Sndergade', '1', 7800, 'Skive', '10:00:00');
INSERT into Customer values(82332, 1338, 'BRUUNSGADE 55', '', 8000, 'RHUS C', '06:20:00');
INSERT into Customer values(21481, 509, 'Silkeborgvej', '66-68', 8653, 'Them', '10:00:00');
INSERT into Customer values(14571, 349, 'rslev Klostervej', '107', 7840, 'Hjslev', '03:15:00');
INSERT into Customer values(502, 13, 'FREDERIKSALLE 22-24', '', 8000, 'RHUS C', '07:45:00');
INSERT into Customer values(21541, 540, 'Solbjerg Hedevej', '25', 8355, 'Solbjerg', '05:40:00');
INSERT into Customer values(21687, 556, 'Lergravvej', '1', 8380, 'Trige', '06:30:00');
INSERT into Customer values(296, 9, 'SKRING PARKVEJ 1', '', 8250, 'EG', '07:30:00');
INSERT into Customer values(28667, 1192, 'Merkurvej', '53', 8960, 'Randers S', '06:45:00');
INSERT into Customer values(2292, 37, 'Spttevej', '16', 8600, 'Silkeborg', '08:15:00');
INSERT into Customer values(27324, 1149, 'Vestergrdsvej', '16', 8260, 'Viby J', '09:00:00');
INSERT into Customer values(21839, 566, 'Vennelystvej', '56 B', 8960, 'Randers S', '09:00:00');
INSERT into Customer values(83743, 1348, 'Assenbkvej', '4', 9700, 'Brnderslev', '06:30:00');
INSERT into Customer values(5415, 132, 'Viborgvej', '214', 7840, 'Hjslev', '12:00:00');
INSERT into Customer values(23409, 672, 'Aalborgvej', '80', 9700, 'Brnderslev', '10:30:00');
INSERT into Customer values(14428, 334, 'Industrivej', '1', 7430, 'Ikast', '08:50:00');
INSERT into Customer values(27367, 1169, 'Engboulevarden', '5', 8960, 'Randers S', '08:30:00');
INSERT into Customer values(26462, 1041, 'Limfjordsgade', '15', 7752, 'Snedsted', '06:00:00');
INSERT into Customer values(20910, 467, 'Nvlingvej', '27', 9260, 'Gistrup', '09:00:00');
INSERT into Customer values(24397, 773, 'Sirvej', '3', 7500, 'Holstebro', '23:59:00');
INSERT into Customer values(24493, 855, 'Solhjsvej', '2', 9210, 'AALBORG S', '12:00:00');
INSERT into Customer values(24490, 852, 'Valdemarsgade', '14', 9000, 'AALBORG', '12:00:00');
INSERT into Customer values(73752, 1308, 'Jernbanegade', '7', 7760, 'Hurup Thy', '07:00:00');
INSERT into Customer values(26091, 1020, 'Sndergade', '14', 9900, 'Frederikshavn', '07:30:00');
INSERT into Customer values(18852, 427, 'rnevej', '6', 9352, 'Dybvad', '12:00:00');
INSERT into Customer values(50416, 1202, 'Beringsvej', '2', 8361, 'Hasselager', '04:00:00');
INSERT into Customer values(5058, 102, 'Tangsgade', '40', 7650, 'Bvlingbjerg', '08:00:00');
INSERT into Customer values(27067, 1126, 'Rindumgaardsall', '90', 6950, 'Ringkbing', '10:00:00');
INSERT into Customer values(25969, 1008, 'J.F Kennedys Plads', '', 9000, 'Aalborg', '06:00:00');
INSERT into Customer values(26491, 1047, 'Gammel Kongevej', '7-13', 8260, 'Viby J', '08:00:00');
INSERT into Customer values(24635, 935, 'Bruunshbvej', '25', 8800, 'Viborg', '23:59:00');
INSERT into Customer values(26796, 1066, 'Jrgen Fibigers Gade', '1', 9850, 'Hirtshals', '07:35:00');
INSERT into Customer values(572, 15, 'NYGRDSVEJ 95 HOLME', '', 8270, 'HJBJERG', '06:40:00');
INSERT into Customer values(21516, 526, 'Himmerlandsgade', '6-8', 9560, 'Hadsund', '06:10:00');
INSERT into Customer values(24513, 867, 'Hlsvej', '4', 9260, 'GISTRUP', '12:00:00');
INSERT into Customer values(13374, 260, 'Hobrovej', '2', 8830, 'Tjele', '11:25:00');
INSERT into Customer values(24512, 866, 'Hadsundvej', '406', 9260, 'GISTRUP', '12:00:00');
INSERT into Customer values(21513, 523, 'Jernbanegade', '20', 8550, 'Ryomgrd', '08:00:00');
INSERT into Customer values(25781, 981, 'Dytmrsken', '9', 8900, 'Randers C', '07:45:00');
INSERT into Customer values(23004, 657, 'Brupvej', '3', 8310, 'Tranbjerg J.', '09:30:00');
INSERT into Customer values(24549, 883, 'Kirkebyvej', '11', 6990, 'Ulfborg', '20:00:00');
INSERT into Customer values(24542, 882, 'ASDALVEJ 14, BJERGBY', '', 9800, 'HJRRING', '12:00:00');
INSERT into Customer values(24448, 815, 'Brrupvej', '94', 7800, 'Skive', '12:00:00');
INSERT into Customer values(2381, 42, 'Askildhjevej', '16', 8420, 'Knebel', '08:25:00');
INSERT into Customer values(13406, 265, 'Vesterhavsgade', '8', 6990, 'Ulfborg', '11:00:00');
INSERT into Customer values(14417, 329, 'Vejgrd Bymidte', '8', 9000, 'lborg', '10:05:00');
INSERT into Customer values(24975, 952, 'Skolevej', '1', 7860, 'Spttrup', '12:00:00');
INSERT into Customer values(12385, 224, 'Bredgade', '100', 6940, 'Lem St.', '11:00:00');
INSERT into Customer values(24461, 827, 'Hejlskovvej', '27', 7840, 'Hjslev', '12:00:00');
INSERT into Customer values(25490, 957, 'Gadebakken', '36', 8660, 'Skanderborg', '11:00:00');
INSERT into Customer values(26959, 1109, 'Blomsterbakken', '2', 9380, 'Vestbjerg', '08:00:00');
INSERT into Customer values(27390, 1182, 'Hjrringvej', '143 A', 9900, 'Frederikshavn', '08:55:00');
INSERT into Customer values(24602, 907, 'Frisholmvej', '20', 8653, 'Them', '20:00:00');
INSERT into Customer values(24393, 769, 'Lgrdvej', '102', 7500, 'Holstebro', '23:59:00');
INSERT into Customer values(13305, 251, 'Balle Bygade', '2', 8600, 'Silkeborg', '04:35:00');
INSERT into Customer values(29031, 1194, 'Krup Industrivej', '12', 4100, 'Ringsted', '12:00:00');
INSERT into Customer values(74230, 1329, 'Nordre Strandvej', '12-14', 8400, 'Ebeltoft', '06:40:00');
INSERT into Customer values(27112, 1132, 'Brorsonvej', '4', 7400, 'Herning', '23:59:00');
INSERT into Customer values(24586, 897, 'Gl. Kongevej', '97', 7442, 'Engesvang', '20:00:00');
INSERT into Customer values(13318, 256, 'Vesterbygade', '16', 9520, 'Skrping', '11:00:00');
INSERT into Customer values(12382, 223, 'Kirkegade', '21', 8830, 'Tjele', '11:30:00');
INSERT into Customer values(29975, 1195, 'TINVEJ 7  POSTBOX 262', '', 4100, 'RINGSTED', '13:00:00');
INSERT into Customer values(28758, 1193, 'Rmvej', '2', 9900, 'Frederikshavn', '07:30:00');
INSERT into Customer values(24642, 942, 'Boghvedevej', '26', 8800, 'Viborg', '12:00:00');
INSERT into Customer values(21919, 586, 'Gl. lborgvej', '16', 9632, 'Mldrup', '05:00:00');
INSERT into Customer values(24634, 934, 'stergade', '19', 7470, 'Karup J', '23:59:00');
INSERT into Customer values(25961, 1001, 'Gammel Stillingvej', '431', 8462, 'Harlev J', '09:00:00');
INSERT into Customer values(21841, 567, 'Frederikshavnsvej', '110', 9300, 'Sby', '07:00:00');
INSERT into Customer values(24957, 950, 'Vestergade', '69', 9700, 'Brnderslev', '04:30:00');
INSERT into Customer values(21517, 527, 'Brogade', '30-34', 8850, 'Bjerringbro', '09:00:00');
INSERT into Customer values(60031, 1256, 'Gudrunsvej', '7', 8220, 'Brabrand', '07:45:00');
INSERT into Customer values(26364, 1037, 'Passagen', '70', 9440, 'Aabybro', '09:55:00');
INSERT into Customer values(5439, 134, 'Hovedgaden', '72', 6971, 'Spjald', '07:45:00');
INSERT into Customer values(5202, 116, 'Mariagervej', '175', 8920, 'Randers Nv', '04:45:00');
INSERT into Customer values(18871, 441, 'Samsgade', '40', 9740, 'Jerslev J', '12:00:00');
INSERT into Customer values(14621, 354, 'Sophus Falcks Vej', '1 C', 9300, 'Sby', '05:45:00');
INSERT into Customer values(21966, 595, 'Klostergade', '33', 7770, 'Vestervig', '08:15:00');
INSERT into Customer values(50983, 1227, 'Viby Ringvej', '10', 8260, 'Viby J', '06:45:00');
INSERT into Customer values(791, 23, 'Industrieparken', '25', 9610, 'Nrager', '03:30:00');
INSERT into Customer values(14666, 357, 'Marsvej', '35 B', 8960, 'Randers S', '09:00:00');
INSERT into Customer values(26463, 1042, 'Hovedgade', '25', 8832, 'Skals', '07:00:00');
INSERT into Customer values(7152, 164, 'Prstebakken', '7', 9670, 'Lgstr', '09:45:00');
INSERT into Customer values(25649, 973, 'Vestergade', '16', 8990, 'Frup', '09:30:00');
INSERT into Customer values(24600, 906, 'Lemmingskolevej', '8D', 8632, 'Lemming', '20:00:00');
INSERT into Customer values(26285, 1030, 'Houvig Klitvej', '51', 6950, 'Ringkbing', '12:00:00');
INSERT into Customer values(24514, 868, 'Nvling Skolevej', '5', 9260, 'GISTRUP', '12:00:00');
INSERT into Customer values(26461, 1040, 'Banegrdsvej', '3', 7752, 'Snedsted', '06:30:00');
INSERT into Customer values(23082, 662, 'Nibevej', '308', 9200, 'lborg Sv', '08:30:00');
INSERT into Customer values(7440, 177, 'Gl.Landevej', '19', 9440, 'bybro', '11:00:00');
INSERT into Customer values(17076, 419, 'Banetoften', '2-4', 7500, 'Holstebro', '09:15:00');
INSERT into Customer values(15554, 390, 'Hovedgaden', '8', 7500, 'Holstebro', '09:00:00');
INSERT into Customer values(13422, 268, 'Borgergade', '1', 8832, 'Skals', '02:45:00');
INSERT into Customer values(20143, 464, 'Bredgade', '43', 7400, 'Herning', '09:00:00');
INSERT into Customer values(83360, 1345, 'John E Rasmussensvej', '8', 9800, 'Hjrring', '05:30:00');
INSERT into Customer values(52328, 1238, 'rebygrdvej', '1', 7400, 'Herning', '06:50:00');
INSERT into Customer values(50405, 1199, 'Juelsvej, Sejs', '91', 8600, 'Silkeborg', '09:40:00');
INSERT into Customer values(10883, 201, 'Mrupvej', '8B', 7400, 'Herning', '12:00:00');
INSERT into Customer values(5135, 109, 'Hammerum Hovedgaden', '72', 7400, 'Herning', '08:00:00');
INSERT into Customer values(22564, 640, 'Storegade', '20', 8382, 'Hinnerup', '10:30:00');
INSERT into Customer values(24425, 797, 'Brogade', '67', 7660, 'Bkmarksbro', '20:00:00');
INSERT into Customer values(21523, 531, 'Grangrdcentret', '51', 9530, 'Stvring', '03:00:00');
INSERT into Customer values(26845, 1093, 'Hammergrdsvej', '2', 8983, 'Gjerlev J', '11:15:00');
INSERT into Customer values(21528, 536, 'Hotelvej', '7', 8660, 'Skanderborg', '10:30:00');
INSERT into Customer values(21083, 471, 'Beta 1', '', 8382, 'Hinnerup', '02:15:00');
INSERT into Customer values(26299, 1031, 'Svejen', '3', 6900, 'Skjern', '12:00:00');
INSERT into Customer values(13956, 294, 'Skelagervej', '301', 9000, 'lborg', '08:00:00');
INSERT into Customer values(2844, 70, 'Skelagervej', '1-9', 8200, 'rhus N', '07:00:00');
INSERT into Customer values(24462, 828, 'Skolevej', '13', 7840, 'Hjslev', '12:00:00');
INSERT into Customer values(82329, 1337, 'TORVET 4-6', '', 8600, 'Silkeborg', '06:30:00');
INSERT into Customer values(24614, 918, 'Skolebakken', '4', 8641, 'Sorring', '20:00:00');
INSERT into Customer values(50420, 1203, 'Tved Bygade', '48', 8420, 'Knebel', '08:40:00');
INSERT into Customer values(21574, 543, 'Bygaden', '2', 9430, 'Vadum', '10:20:00');
INSERT into Customer values(60145, 1268, 'Dytmrsken', '14', 8900, 'Randers', '07:30:00');
INSERT into Customer values(23594, 702, 'Torvet', '1', 9492, 'Blokhus', '04:45:00');
INSERT into Customer values(22408, 622, 'Gjellerupvej', '105', 8220, 'Brabrand', '12:00:00');
INSERT into Customer values(14659, 356, 'Kirkegade', '1', 7673, 'Harbore', '08:25:00');
INSERT into Customer values(24489, 851, 'Sohngrdsholmsvej', '53', 9000, 'AALBORG', '12:00:00');
INSERT into Customer values(27552, 1186, 'Sallingsundvej', '2-4', 7870, 'Roslev', '09:30:00');
INSERT into Customer values(21848, 570, 'Doggerbanke', '2', 9990, 'Skagen', '07:30:00');
INSERT into Customer values(14366, 301, 'Jens Holdgrds Vej', '58', 7430, 'Ikast', '09:00:00');
INSERT into Customer values(2705, 59, 'Gl. Landevej', '46', 8380, 'Trige', '05:30:00');
INSERT into Customer values(27068, 1127, 'Gl. rhusvej', '34 A', 8800, 'Viborg', '11:00:00');
INSERT into Customer values(27360, 1167, 'Vodskovvej', '19 A', 9310, 'Vodskov', '09:00:00');
INSERT into Customer values(18867, 437, 'Vendiavej', '7', 9800, 'Hjrring', '12:00:00');
INSERT into Customer values(14465, 341, 'Trollhttanvej', '2', 9800, 'Hjrring', '09:30:00');
INSERT into Customer values(60232, 1271, 'Holstebrovej', '286', 7800, 'Skive', '12:00:00');
INSERT into Customer values(21775, 560, 'Hasseris Bymidte', '29', 9000, 'Aalborg', '07:20:00');
INSERT into Customer values(10814, 194, 'BRUUNSGADE 55', '', 8000, 'RHUS C', '07:20:00');
INSERT into Customer values(22552, 636, 'Stillingvej', '99', 8471, 'Sabro', '06:40:00');
INSERT into Customer values(21217, 474, 'Hovedgaden', '31', 7490, 'Aulum', '06:30:00');
INSERT into Customer values(24276, 732, 'Bardevej', '24', 6920, 'Videbk', '23:59:00');
INSERT into Customer values(18858, 431, 'Nrregade 9, Hou', '', 9370, 'Hals', '12:00:00');
INSERT into Customer values(14535, 344, 'Jens Baggesensvej', '7', 8210, 'Aarhus N', '09:00:00');
INSERT into Customer values(27630, 1190, 'Hovedgaden', '11-13', 8670, 'Lsby', '07:15:00');
INSERT into Customer values(5609, 146, 'Langgade', '30', 7550, 'Srvad', '11:15:00');
INSERT into Customer values(54715, 1251, 'lbyvej', '30', 7600, 'Struer', '07:30:00');
INSERT into Customer values(24550, 884, 'Skolestrde', '1', 6933, 'Kibk', '23:59:00');
INSERT into Customer values(14586, 350, 'Bdstedhedevej', '8', 9480, 'Lkken', '08:00:00');
INSERT into Customer values(60920, 1273, 'BJDSTRUPVEJ 18 POSTB.1830', '', 8270, 'HJBJERG', '06:15:00');
INSERT into Customer values(26826, 1082, 'Gl. Landevej', '7', 9850, 'Hirtshals', '05:50:00');
INSERT into Customer values(2556, 52, 'Stationsvej', '12', 8544, 'Mrke', '05:00:00');
INSERT into Customer values(21963, 592, 'Rydbjergvej', '2', 6950, 'Ringkbing', '08:00:00');
INSERT into Customer values(21433, 505, 'Kirkevej', '1', 8870, 'Lang', '08:00:00');
INSERT into Customer values(13979, 296, 'Odinsgade', '1', 9000, 'Aalborg S', '09:45:00');
INSERT into Customer values(27049, 1124, 'Gl. Silkeborgvej', '1', 8670, 'Lsby', '10:00:00');
INSERT into Customer values(50431, 1207, 'Vrinners Bygade', '37', 8420, 'Knebel', '09:05:00');
INSERT into Customer values(24476, 840, 'Skolebakken', '12', 7950, 'Erslev', '12:00:00');
INSERT into Customer values(24484, 846, 'Mester Eriksvej', '57', 9000, 'AALBORG', '12:00:00');
INSERT into Customer values(27571, 1187, 'Alexander Foss Gade', '10', 9000, 'lborg', '10:30:00');
INSERT into Customer values(18866, 436, 'Skolevej', '5', 9460, 'Brovst', '12:00:00');
INSERT into Customer values(5037, 100, 'Sndergade', '5', 7860, 'Spttrup', '10:00:00');
INSERT into Customer values(24638, 938, 'Brandstrupvej', '23', 8840, 'Rdkrsbro', '23:59:00');
INSERT into Customer values(13451, 271, 'Hovedgaden', '15', 9500, 'Hobro', '05:30:00');
INSERT into Customer values(4618, 99, 'Lystrupvej', '221', 8520, 'Lystrup', '09:20:00');
INSERT into Customer values(18883, 453, 'Ankervej', '1', 9340, 'Asaa', '12:00:00');
INSERT into Customer values(26668, 1053, 'Frederiksbergvej', '1 C', 8920, 'Randers Nv', '11:30:00');
INSERT into Customer values(7194, 167, 'Brrupvej', '3', 9670, 'Lgstr', '06:30:00');
INSERT into Customer values(25879, 988, 'Frydenlunds Alle', '7', 8210, 'rhus V', '10:00:00');
INSERT into Customer values(11854, 218, 'Vestergade', '16', 7500, 'Holstebro', '10:00:00');
INSERT into Customer values(27574, 1187, 'Voldum Rudvej', '17', 8370, 'Hadsten', '11:00:00');
INSERT into Customer values(4568, 98, 'Skring Parkvej', '1', 8250, 'Eg', '07:30:00');
INSERT into Customer values(14853, 362, 'Bsbrovej', '54', 8940, 'Randers Sv', '07:20:00');
INSERT into Customer values(23695, 714, 'rebygrdvej', '1', 7400, 'Herning', '06:50:00');
INSERT into Customer values(26347, 1036, 'Legindvej', '84', 7752, 'Snedsted', '23:59:00');
INSERT into Customer values(83386, 1347, 'NORDRE STRANDVEJ 12-14', '', 8400, 'Ebeltoft', '06:25:00');
INSERT into Customer values(21858, 572, 'Storegade', '34', 8950, 'rsted', '10:50:00');
INSERT into Customer values(5203, 118, 'Voruprvej', '178', 7700, 'Thisted', '05:00:00');
INSERT into Customer values(22211, 608, 'Arendalsvej', '29', 8600, 'Silkeborg', '05:45:00');
INSERT into Customer values(21920, 587, 'Sndergade', '2', 9632, 'Mldrup', '04:00:00');
INSERT into Customer values(1509, 25, 'Frederiksalle', '22-24', 8000, 'rhus C', '08:15:00');
INSERT into Customer values(2681, 55, 'Stenvej', '17', 8270, 'Hjbjerg', '09:00:00');
INSERT into Customer values(80520, 1334, 'Brogrdsvej', '148', 9440, 'bybro', '03:25:00');
INSERT into Customer values(26723, 1060, 'Vroldvej', '92', 8660, 'Skanderborg', '09:00:00');
INSERT into Customer values(11666, 213, 'Tunvej', '9B', 8940, 'Randers Sv', '12:00:00');
INSERT into Customer values(27464, 1183, 'Box 32', '2', 0000, 'Tvroyri', '12:00:00');
INSERT into Customer values(3251, 82, 'Hjrringvej', '144', 9900, 'Frederikshavn', '08:40:00');
INSERT into Customer values(24541, 881, 'Brndenvej', '3', 9750, 'STERVRAA', '12:00:00');
INSERT into Customer values(26878, 1098, 'MESTERSVEJ B 1230 PB 170', '', 3921, 'NARSAQ', '04:00:00');
INSERT into Customer values(24282, 736, 'Ternevej', '1', 6920, 'Videbk', '23:59:00');
INSERT into Customer values(25972, 1010, 'Tornhjvej', '4', 9220, 'Aalborg ', '04:30:00');
INSERT into Customer values(4066, 87, 'Silkeborgvej', '246', 8230, 'byhj', '09:20:00');
INSERT into Customer values(24388, 764, 'Desvej', '54', 7500, 'Holstebro', '23:59:00');
INSERT into Customer values(60132, 1265, 'stre Alle', '', 8400, 'Ebeltoft', '12:00:00');
INSERT into Customer values(60146, 1268, 'Danmarksgade', '41', 9000, 'lborg', '08:30:00');
INSERT into Customer values(5192, 115, 'Bredgade', '5', 7470, 'Karup J', '05:30:00');
INSERT into Customer values(24618, 921, 'Vinderslevholmvej', '2', 8620, 'Kjellerup', '12:00:00');
INSERT into Customer values(2240, 33, 'Mlletoften, Lyngby', '2', 8570, 'Trustrup', '11:00:00');
INSERT into Customer values(23795, 727, 'Bredgade', '61', 7600, 'Struer', '08:45:00');
INSERT into Customer values(13295, 247, 'Jgergrdsgade', '64', 8000, 'Aarhus C', '08:40:00');
INSERT into Customer values(25718, 980, 'Silkeborgvej', '261', 8230, 'byhj', '09:00:00');
INSERT into Customer values(26459, 1039, 'Klkr hovedgade', '45', 7400, 'Herning', '11:00:00');
INSERT into Customer values(21864, 574, 'Hovedvejen', '35', 9850, 'Hirtshals', '12:00:00');
INSERT into Customer values(22542, 632, 'Nrrebro', '9', 9800, 'Hjrring', '07:45:00');
INSERT into Customer values(2845, 72, 'Nygrdsvej', '95', 8270, 'Hjbjerg', '07:45:00');
INSERT into Customer values(21494, 519, 'Snder Skovvej', '2', 8400, 'Ebeltoft', '07:40:00');
INSERT into Customer values(24308, 746, 'Gilmosevej', '20', 7400, 'Herning', '23:59:00');
INSERT into Customer values(26188, 1028, 'sterbro', '29 A', 9000, 'lborg', '08:00:00');
INSERT into Customer values(21339, 496, 'stergade', '30', 9800, 'Hjrring', '07:45:00');
INSERT into Customer values(74116, 1326, 'Hobrovej', '55', 9530, 'Stvring', '09:00:00');
INSERT into Customer values(23612, 704, 'Synergivej', '5', 9000, 'Aalborg', '07:30:00');
INSERT into Customer values(7200, 169, 'Havnevej', '29', 9970, 'Strandby', '11:15:00');
INSERT into Customer values(27336, 1156, 'Skanderborgvej', '26', 8000, 'Aarhus C', '05:50:00');
INSERT into Customer values(15544, 389, 'Sjllandsgade', '16-22', 9000, 'Aalborg', '10:30:00');
INSERT into Customer values(13496, 276, 'Sndergade', '125', 8620, 'Kjellerup', '09:45:00');
INSERT into Customer values(15196, 377, 'Dalgrdsparken', '4', 8543, 'Hornslet', '09:00:00');
INSERT into Customer values(13779, 287, 'Snderborggade', '9', 8000, 'Aarhus C', '06:10:00');
INSERT into Customer values(52201, 1235, 'Beethovensvej', '10', 7500, 'Holstebro', '07:30:00');
INSERT into Customer values(22643, 646, 'Guldregnvej', '3', 9830, 'Trs', '05:30:00');
INSERT into Customer values(27461, 1183, 'Klaksvik', '2', 0700, 'KLAKSVIK', '12:00:00');
INSERT into Customer values(21322, 494, 'Vestergade', '15', 7700, 'Thisted', '09:30:00');
INSERT into Customer values(27022, 1118, 'Tilst Parkvej', '4B', 8381, 'Tilst', '10:00:00');
INSERT into Customer values(21076, 470, 'Banegrdspladsen', '13', 9850, 'Hirtshals', '07:30:00');
INSERT into Customer values(27116, 1133, 'Frederikshavnsvej', '42-48', 9800, 'Hjrring', '06:00:00');
INSERT into Customer values(23482, 685, 'Bymidten', '4', 9575, 'Terndrup', '10:15:00');
INSERT into Customer values(22450, 624, 'Nrregade', '18', 8500, 'Gren', '08:45:00');
INSERT into Customer values(14387, 317, 'Havnevej', '128', 8500, 'Gren', '09:10:00');
INSERT into Customer values(54932, 1252, 'Industrivej', '8', 7700, 'Thisted', '12:00:00');
INSERT into Customer values(14367, 302, 'Herningvej', '4', 7470, 'Karup J', '04:40:00');
INSERT into Customer values(24510, 865, 'Vrvej', '9', 9240, 'NIBE', '12:00:00');
INSERT into Customer values(24411, 784, 'Chr. Gades Vej', '32', 7600, 'Struer', '20:00:00');
INSERT into Customer values(4536, 90, 'Vester Alle', '2', 8362, 'Hrning', '06:50:00');
INSERT into Customer values(74062, 1322, 'INDUSTRIVEJ 2-4', '', 9982, 'LBK', '08:30:00');
INSERT into Customer values(24350, 750, 'Skoletoften', '7', 7400, 'Herning', '23:59:00');
INSERT into Customer values(16682, 413, 'Oust Mllevej', '51', 8920, 'Randers Nv', '05:40:00');
INSERT into Customer values(13255, 241, 'Torvet', '6', 8585, 'Glesborg', '06:45:00');
INSERT into Customer values(10833, 200, 'BROBJERG PARKVEJ 2-8', '', 8250, 'EG', '06:30:00');
INSERT into Customer values(24650, 945, 'Hobro Terminal', '', 9100, 'Hobro', '12:00:00');
INSERT into Customer values(5122, 105, 'Greenvej', '1', 7400, 'Herning', '08:00:00');
INSERT into Customer values(21277, 488, 'Egebjergvej', '4', 7800, 'Skive', '11:30:00');
INSERT into Customer values(24622, 925, 'Tulstrupvej', '80', 8680, 'Ry', '20:00:00');
INSERT into Customer values(15898, 397, 'Sundsrevej', '91', 7870, 'Roslev', '08:45:00');
INSERT into Customer values(2714, 60, 'Grenstenvej', '1', 8870, 'Lang', '06:30:00');
INSERT into Customer values(24571, 891, 'Hovedgaden', '58', 8860, 'Ulstrup', '23:59:00');
INSERT into Customer values(25989, 1013, 'Kirkealle', '92', 7800, 'Skive', '03:50:00');
INSERT into Customer values(22837, 651, 'Energivej', '22', 8920, 'Randers', '09:15:00');
INSERT into Customer values(24372, 755, 'Bjrnkrvej', '2', 7480, 'Vildbjerg', '23:59:00');
INSERT into Customer values(24471, 837, 'Degnestrde', '11', 7900, 'Nykbing M', '12:00:00');
INSERT into Customer values(54517, 1249, 'Vestre Hovedgade', '1', 7560, 'Hjerm', '06:35:00');
INSERT into Customer values(21323, 495, 'Vestergade', '15', 7700, 'Thisted', '09:30:00');
INSERT into Customer values(14700, 358, 'Mlkevejen', '4', 6920, 'Videbk', '10:00:00');
INSERT into Customer values(4064, 86, 'Forbindelsesvej', '147', 9400, 'Nrre Sundby', '09:00:00');
INSERT into Customer values(13501, 277, 'Sallingsundvej', '122', 7870, 'Roslev', '04:00:00');
INSERT into Customer values(60880, 1272, 'Sndergade', '7-9', 8500, 'Gren', '07:15:00');
INSERT into Customer values(22453, 625, 'Kappelvnget', '4', 8210, 'Aarhus V', '12:00:00');
INSERT into Customer values(14413, 327, 'Kjlvejen', '2', 8920, 'Randers Nv', '06:00:00');
INSERT into Customer values(21521, 529, 'Bredgade', '6', 9490, 'Pandrup', '04:05:00');
INSERT into Customer values(2308, 39, 'Amtsvejen', '31', 8981, 'Spentrup', '11:30:00');
INSERT into Customer values(24499, 859, 'Rvedalsvej', '5', 9230, 'SVENSTRUP', '12:00:00');
INSERT into Customer values(21487, 512, 'Nrreport', '6', 8450, 'Hammel', '06:20:00');
INSERT into Customer values(23638, 710, 'Svinklvvej', '593', 9690, 'Fjerritslev', '12:00:00');
INSERT into Customer values(21167, 472, 'Markedsvej', '3', 9600, 'rs', '05:45:00');
INSERT into Customer values(26799, 1068, 'Mylius Erichsensvej', '74', 9210, 'lborg S', '12:00:00');
INSERT into Customer values(72816, 1292, 'City Centret', '12', 9530, 'Stvring', '04:00:00');
INSERT into Customer values(18990, 460, 'Fiskene', '10', 9200, 'lborg Sv', '09:00:00');
INSERT into Customer values(22863, 654, 'Iversensvej', '1', 7700, 'Thisted', '10:00:00');
INSERT into Customer values(22455, 626, 'Gammel Hobrovej', '80', 8920, 'Randers Nv', '05:00:00');
INSERT into Customer values(82540, 1343, 'NIELS BOHRSVEJ 44', '', 9220, 'lborg st', '07:50:00');
INSERT into Customer values(26490, 1046, 'Solbjerg Hovedgade', '11', 8355, 'Solbjerg', '08:30:00');
INSERT into Customer values(12696, 232, 'Kildevej', '3', 8660, 'Skanderborg', '10:00:00');
INSERT into Customer values(27343, 1157, 'Dalgas Torv', '18', 7800, 'Skive', '04:00:00');
INSERT into Customer values(22050, 604, 'Badevej', '1', 6950, 'Ringkbing', '08:40:00');
INSERT into Customer values(24610, 914, 'Frederiksdalvej', '9', 8600, 'Silkeborg', '20:00:00');
INSERT into Customer values(73868, 1316, 'Sndergade', '15', 9690, 'Fjerritslev', '08:15:00');
INSERT into Customer values(24637, 937, 'Rrsangervej', '1', 8800, 'Viborg', '12:00:00');
INSERT into Customer values(23632, 709, 'Sensommervej', '34', 8600, 'Silkeborg', '10:30:00');
INSERT into Customer values(21410, 502, 'Industrivej', '6', 8305, 'Sams', '12:00:00');
INSERT into Customer values(18841, 423, 'Pottemagertoften', '2', 8270, 'Hjbjerg', '09:00:00');
INSERT into Customer values(21263, 486, 'Halkrvej', '42', 9240, 'Nibe', '12:00:00');
INSERT into Customer values(23078, 660, 'Sjllandsgade', '103', 8000, 'Aarhus C', '08:40:00');
INSERT into Customer values(71068, 1276, 'Industrivej', '1 B', 7600, 'Struer', '09:30:00');
INSERT into Customer values(24306, 745, 'Engbjerg', '21', 7400, 'Herning', '23:59:00');
INSERT into Customer values(25791, 982, 'Vesterbro', '95-97', 9000, 'lborg C', '07:30:00');
INSERT into Customer values(24444, 812, 'Ydbyvej', '193', 7760, 'Hurup Thy', '20:00:00');
INSERT into Customer values(24528, 875, 'Bygaden', '24', 9430, 'VADUM', '12:00:00');
INSERT into Customer values(24540, 880, 'Jens Thisevej', '26', 9700, 'BRNDERSLEV', '12:00:00');
INSERT into Customer values(22558, 638, 'Ingerslevtoften', '2', 8310, 'Tranbjerg', '09:30:00');
INSERT into Customer values(26728, 1061, 'Sct. Mathias Marked', '38', 8800, 'Viborg', '07:25:00');
INSERT into Customer values(21239, 476, 'Ingeborg Skeels Vej 44, Flauenskj.', '', 9330, 'Dronninglund', '12:00:00');
INSERT into Customer values(21863, 573, 'Enghavevej', '4', 9870, 'Sindal', '12:00:00');
INSERT into Customer values(23469, 682, 'A. F. Heidemannsvej', '20', 9800, 'Hrring', '10:00:00');
INSERT into Customer values(5397, 130, 'Skivevej', '7', 7870, 'Roslev', '11:00:00');
INSERT into Customer values(25576, 966, 'Pillemarksvej', '1', 8305, 'Sams', '12:00:00');
INSERT into Customer values(18877, 447, 'Sndergade', '40', 9700, 'Brnderslev', '12:00:00');
INSERT into Customer values(23715, 718, 'Grnbkvej', '9', 8600, 'Silkeborg', '06:10:00');
INSERT into Customer values(23765, 724, 'Trjborgvej', '8k', 8000, 'Aarhus C', '10:00:00');
INSERT into Customer values(24277, 733, 'Bredgade', '120', 6920, 'Videbk', '23:59:00');
INSERT into Customer values(24419, 791, 'Fabjergstad', '32', 7620, 'Lemvig', '20:00:00');
INSERT into Customer values(20030, 462, 'Sletvej', '36', 8310, 'Tranbjerg J', '09:00:00');
INSERT into Customer values(24620, 923, 'Hjgrdsvej', '4', 8600, 'Silkeborg', '20:00:00');
INSERT into Customer values(14476, 343, 'Grumvej', '36', 9900, 'Frederikshavn', '07:25:00');
INSERT into Customer values(24632, 932, 'Bjerring Hede', '13B', 8850, 'Bjerringbro', '23:59:00');
INSERT into Customer values(15842, 394, 'Oddervej', '176', 8270, 'Hjbjerg', '08:45:00');
INSERT into Customer values(15873, 396, 'Legindvej', '30', 7900, 'Nykbing Mors', '12:00:00');
INSERT into Customer values(27554, 1186, 'Skovmosevej', '1', 9500, 'Hobro', '12:00:00');
INSERT into Customer values(60134, 1266, 'Evald Tangs Alle', '36', 8370, 'Hadsten', '05:05:00');
INSERT into Customer values(24391, 767, 'Hjaltesvej', '1', 7500, 'Holstebro', '23:59:00');
INSERT into Customer values(21965, 594, 'Skellet', '2', 7700, 'Thisted', '07:00:00');
INSERT into Customer values(78967, 1331, 'SNDERBRO 21', '', 9881, 'BINDSLEV', '09:00:00');
INSERT into Customer values(13804, 289, 'rhusvej', '16', 8600, 'Silkeborg', '09:50:00');
INSERT into Customer values(25746, 980, 'Mrupvej', '8B', 7400, 'Herning', '10:30:00');
INSERT into Customer values(15966, 402, 'Hjrringvej', '33', 9900, 'Frederikshavn', '09:10:00');
INSERT into Customer values(24451, 817, 'Fredensgade', '11', 7800, 'Skive', '12:00:00');
INSERT into Customer values(26198, 1029, 'Finlandsgade', '15', 8200, 'rhus N', '08:00:00');
INSERT into Customer values(26804, 1072, 'Vestergade', '80', 9370, 'Hals', '05:45:00');
INSERT into Customer values(26209, 1029, 'Sndergade', '54', 8883, 'Gjern', '04:10:00');
INSERT into Customer values(21703, 559, 'Ridemandsmllevej', '14', 9230, 'Svenstrup J', '07:30:00');
INSERT into Customer values(22906, 657, 'Skaadsmosevej', '17', 6950, 'Ringkbing', '08:30:00');
INSERT into Customer values(21056, 470, 'Blomstervej', '5', 8381, 'Tilst', '09:30:00');
INSERT into Customer values(10831, 199, 'Slotsgade 8-14', '', 9000, 'lborg', '07:30:00');
INSERT into Customer values(24508, 864, 'Nrholmsvej', '480-482', 9240, 'NIBE', '12:00:00');
INSERT into Customer values(27350, 1161, 'Jrgen Fibigersgade', '25', 9850, 'Hirtshals', '07:40:00');
INSERT into Customer values(7490, 180, 'Vester havnegade', '6', 9940, 'Ls', '09:30:00');
INSERT into Customer values(21905, 582, 'Kornblomstvej', '50', 9000, 'Aalborg', '06:20:00');
INSERT into Customer values(21823, 564, 'Kongevejen', '64', 7790, 'Thyholm', '12:00:00');
INSERT into Customer values(27175, 1140, 'Holme Byvej', '15', 8270, 'Hjbjerg', '09:30:00');
INSERT into Customer values(82401, 1340, 'BROBJERG PARKVEJ 2-8', '', 8250, 'EG', '06:30:00');
INSERT into Customer values(5731, 154, 'Smedegade', '21', 7600, 'Struer', '08:30:00');
INSERT into Customer values(27331, 1152, 'Kolt stervej', '25', 8361, 'Hasselager', '10:15:00');
INSERT into Customer values(21951, 591, 'Nrre Uttrup Torv', '15', 9400, 'Nrresundby', '03:05:00');
INSERT into Customer values(82443, 1340, 'Hobrovej', '450', 9200, 'lborg Sv', '07:20:00');
INSERT into Customer values(24443, 811, 'Idrtsvej', '11', 7760, 'Hurup Thy', '20:00:00');
INSERT into Customer values(5458, 137, 'Hovedgaden', '77', 7451, 'Sunds', '05:50:00');
INSERT into Customer values(27089, 1129, 'Prstehaven', '22', 7400, 'Herning', '10:00:00');
INSERT into Customer values(21524, 532, 'Tingvej', '43', 8543, 'Hornslet', '10:00:00');
INSERT into Customer values(24569, 889, 'Skolevej', '2-4', 8870, 'Lang', '20:00:00');
INSERT into Customer values(5069, 103, 'Tnderingvej', '3', 7870, 'Roslev', '09:15:00');
INSERT into Customer values(24441, 809, 'Hovedgaden', '5', 7752, 'Snedsted', '20:00:00');
INSERT into Customer values(24412, 785, 'Drosselvej', '5', 7600, 'Struer', '12:00:00');
INSERT into Customer values(52512, 1243, 'Nybo Hje', '5, P.B.116', 7500, 'Holstebro', '01:00:00');
INSERT into Customer values(82470, 1342, 'DYTMRSKEN 14', '', 8900, 'Randers C', '07:10:00');
INSERT into Customer values(14420, 331, 'Rdhjsvej', '4', 9280, 'Storvorde', '10:00:00');
INSERT into Customer values(23448, 679, 'Nrregade', '7', 9870, 'Sindal', '07:40:00');
INSERT into Customer values(12734, 234, 'Saltumvej', '1', 9220, 'lborg st', '07:00:00');
INSERT into Customer values(2461, 49, 'Bugtrupvej', '1', 8560, 'Kolind', '08:00:00');
INSERT into Customer values(27265, 1144, 'Markedsvej', '125', 9700, 'Brnderslev', '07:00:00');
INSERT into Customer values(18861, 433, 'Jyllensgade 29, Ulsted', '', 9370, 'Hals', '12:00:00');
INSERT into Customer values(52470, 1240, 'Nakskovvej', '7', 7400, 'Herning', '07:00:00');
INSERT into Customer values(25991, 1015, 'Ndr. Strandvej', '19', 8240, 'Risskov', '12:00:00');
INSERT into Customer values(24401, 775, 'Skolevnget', '1', 7500, 'Holstebro', '23:00:00');
INSERT into Customer values(21947, 589, 'Skansevej', '42', 9400, 'Nrresundby', '10:10:00');
INSERT into Customer values(21908, 584, 'husevej', '23', 6990, 'Ulfborg', '12:00:00');
INSERT into Customer values(25588, 968, 'Toftevej', '18', 9460, 'Brovst', '09:00:00');
INSERT into Customer values(22272, 611, 'Dstrupvej', '151', 9500, 'Hobro', '12:00:00');
INSERT into Customer values(21531, 538, 'Mejerigade', '15', 9760, 'Vr', '06:00:00');
INSERT into Customer values(18876, 446, 'Nordens Alle', '56', 9700, 'Brnderslev', '12:00:00');
INSERT into Customer values(27544, 1185, 'Vraastvej', '334', 9260, 'Gistrup', '11:30:00');
INSERT into Customer values(26313, 1032, 'Hylkevej', '52', 8660, 'Skanderborg', '12:00:00');
INSERT into Customer values(21437, 506, 'Kattegatvej', '3', 9990, 'Skagen', '09:40:00');
INSERT into Customer values(21238, 475, 'Halsvej 199, V.Hassing', '', 9310, 'Vodskov', '12:00:00');
INSERT into Customer values(13378, 261, 'Hovedgaden', '24', 8860, 'Ulstrup', '08:00:00');
INSERT into Customer values(23403, 671, 'Marsvej', '26', 8960, 'Randers S', '09:30:00');
INSERT into Customer values(25957, 998, 'Hovedgaden', '11-13', 8670, 'Lsby', '07:35:00');
INSERT into Customer values(21983, 602, 'Bredevej', '6', 8250, 'Eg', '09:55:00');
INSERT into Customer values(26666, 1052, 'Bnnerupvej', '12', 8585, 'Glesborg', '10:50:00');
INSERT into Customer values(73163, 1300, 'Grundtvigsvej', '7', 9900, 'Frederikshavn', '06:20:00');
INSERT into Customer values(24505, 863, 'Hobrovej', '97', 9240, 'NIBE', '12:00:00');
INSERT into Customer values(23580, 699, 'Vissevej', '93', 9210, 'lborg S', '10:00:00');
INSERT into Customer values(23762, 723, 'Udbyhjvej', '570', 8983, 'Gjerlev J', '10:00:00');
INSERT into Customer values(23366, 669, 'Holstebrovej', '33', 7400, 'Herning', '09:15:00');
INSERT into Customer values(13920, 292, 'Brogrdsgade', '3', 9490, 'Pandrup', '07:50:00');
INSERT into Customer values(60965, 1275, 'Beder Landevej', '67', 8330, 'Beder', '08:40:00');
INSERT into Customer values(15011, 374, 'Kystvejen', '80', 9400, 'Nrresundby', '21:00:00');
INSERT into Customer values(24986, 953, 'Vilhelm Bersesvej', '62', 8210, 'rhus V', '09:00:00');
INSERT into Customer values(50493, 1225, 'Lkkenvej', '669', 9480, 'Lkken', '08:00:00');
INSERT into Customer values(24525, 872, 'Lindholmsvej', '65', 9400, 'NRRESUNDBY', '12:00:00');
INSERT into Customer values(24405, 778, 'Viborgvej', '203', 7500, 'Holstebro', '23:00:00');
INSERT into Customer values(21340, 497, 'stergade', '30', 9800, 'Hjrring', '12:00:00');
INSERT into Customer values(22382, 618, 'Falkevej', '2', 8800, 'Viborg', '10:00:00');
INSERT into Customer values(21045, 469, 'Kirketorvet', '1', 8370, 'Hadsten', '04:30:00');
INSERT into Customer values(24358, 753, 'Valdemarsvej', '347', 7400, 'Herning', '23:59:00');
INSERT into Customer values(71997, 1281, 'Hadsundvej', '1-3 Als', 9560, 'Hadsund', '07:50:00');
INSERT into Customer values(7732, 185, 'stergade', '24', 9700, 'Brnderslev', '09:00:00');
INSERT into Customer values(18872, 442, 'Tmmerbyvej', '2', 9700, 'Brnderslev', '12:00:00');
INSERT into Customer values(14602, 352, 'Bronzealdervej', '2', 8210, 'Aarhus V', '08:30:00');
INSERT into Customer values(26445, 1038, 'Nytorv', '8', 9000, 'Aalborg', '08:30:00');
INSERT into Customer values(11946, 221, 'Sunds Hovedgade', '58-60', 7451, 'Sunds', '06:00:00');
INSERT into Customer values(82374, 1339, 'GRAVENE 37-39', '', 8800, 'Viborg', '12:00:00');
INSERT into Customer values(2747, 62, 'Themcentret', '8', 8653, 'Them', '10:30:00');
INSERT into Customer values(24432, 802, 'Kronborgvej', '26', 7700, 'Thisted', '12:00:00');
INSERT into Customer values(14389, 319, 'Julsvej', '89', 8600, 'Silkeborg', '08:50:00');
INSERT into Customer values(72384, 1287, 'Strandvejen, Haverslev', '2', 9610, 'Nrager', '04:00:00');
INSERT into Customer values(24453, 819, 'Furvej', '9', 7800, 'Skive', '12:00:00');
INSERT into Customer values(24413, 786, 'Drwten', '1', 7600, 'Struer', '20:00:00');
INSERT into Customer values(24406, 779, 'Bredgade', '76', 7540, 'Haderup', '23:00:00');
INSERT into Customer values(23799, 728, 'Stormgade', '2', 6960, 'Hvide Sande', '09:55:00');
INSERT into Customer values(20892, 466, 'Stabyvej', '61', 6990, 'Ulfborg', '10:00:00');
INSERT into Customer values(12615, 227, 'Haslevej', '3', 8230, 'byhj', '09:00:00');
INSERT into Customer values(24395, 771, 'Nrre Boulevard', '57', 7500, 'Holstebro', '23:59:00');
INSERT into Customer values(13425, 270, 'Ny Mllevej', '121', 9240, 'Nibe', '10:15:00');
INSERT into Customer values(21252, 482, 'Otto Rudsgade', '98', 8200, 'Aarhus N', '09:00:00');
INSERT into Customer values(23550, 695, 'Sndervang', '1', 8444, 'Balle', '10:10:00');
INSERT into Customer values(11091, 203, 'Lavhedevej', '54', 7500, 'Holstebro', '09:40:00');
INSERT into Customer values(24524, 871, 'Hjrringvej', '83', 9400, 'NRRESUNDBY', '12:00:00');
INSERT into Customer values(25903, 993, 'Vesterbro Torv', '10', 8000, 'rhus C', '08:00:00');
INSERT into Customer values(23800, 729, 'Parallelvej', '68', 6960, 'Hvide Sande', '10:30:00');
INSERT into Customer values(26896, 1105, 'Brogrdsvej', '6', 7500, 'Holstebro', '08:45:00');
INSERT into Customer values(11943, 220, 'Snderskovvej', '7', 8362, 'Hrning', '12:00:00');
INSERT into Customer values(14390, 320, 'Torvet', '11', 8620, 'Kjellerup', '05:00:00');
INSERT into Customer values(73889, 1318, 'Bredgade, Hvidbjerg', '3', 7790, 'Thyholm', '09:00:00');
INSERT into Customer values(25646, 972, 'Lupinvej', '2', 8600, 'Silkeborg', '08:30:00');
INSERT into Customer values(21653, 549, 'Romalt Boulevard', '22', 8960, 'Randers S', '10:30:00');
INSERT into Customer values(50444, 1209, 'Elsvej', '208', 7900, 'Nykbing M', '09:00:00');
INSERT into Customer values(50489, 1223, 'Byrum hovedgade', '77', 9940, 'Ls', '10:10:00');
INSERT into Customer values(23622, 705, 'Viborgvej', '234', 7500, 'Holstebro', '05:10:00');
INSERT into Customer values(27328, 1150, 'Kastet', '39', 7700, 'Thisted', '10:30:00');
INSERT into Customer values(24648, 945, 'Sundsholmen', '37', 9400, 'Nrresundby', '05:00:00');
INSERT into Customer values(21877, 580, 'Postboks', '119', 9850, 'Hirtshals', '06:00:00');
INSERT into Customer values(15978, 404, 'Nibevej', '518', 9240, 'Nibe', '09:00:00');
INSERT into Customer values(12742, 236, 'Flledvej 27', '', 7600, 'Struer', '23:55:00');
INSERT into Customer values(82503, 1343, 'SKRING PARKVEJ 1', '', 8250, 'EG', '07:30:00');
INSERT into Customer values(12716, 233, 'Borgergade', '84', 9362, 'Gandrup', '04:00:00');
INSERT into Customer values(5130, 108, 'Sndergade', '15', 7741, 'Frstrup', '06:00:00');
INSERT into Customer values(27079, 1128, 'Ringvej Syd', '84', 8260, 'Viby J', '10:00:00');
INSERT into Customer values(22543, 633, 'Ringstedvej', '1', 7400, 'Herning', '08:30:00');
INSERT into Customer values(24467, 833, 'Stadion All', '18', 7860, 'Spttrup', '12:00:00');
INSERT into Customer values(27639, 1190, 'Iversensvej', '1', 7700, 'Thisted', '07:00:00');
INSERT into Customer values(21876, 580, 'Postboks', '119', 9850, 'Hirtshals', '06:00:00');
INSERT into Customer values(83316, 1345, 'RDHUSALLE 83', '', 9900, 'Frederikshavn', '07:40:00');
INSERT into Customer values(5601, 144, 'Nygade', '2', 6920, 'Videbk', '10:00:00');
INSERT into Customer values(18884, 454, 'Idrts Alle', '6', 9320, 'Hjallerup', '12:00:00');
INSERT into Customer values(83189, 1344, 'Nrregade', '51', 9870, 'Sindal', '07:40:00');
INSERT into Customer values(60043, 1260, 'GULDSMEDGADE 3-9', '', 8000, 'RHUS C', '06:30:00');
INSERT into Customer values(27459, 1183, 'Dr. Jacobsens Gta', '4', 0100, 'TORSHAVN', '12:00:00');
INSERT into Customer values(26887, 1101, 'UJUAANSIP AQQUTAA 2 PB 148', '', 3912, 'MANIITSOQ', '04:00:00');
INSERT into Customer values(5384, 129, 'Sallingsundvej', '2-4', 7870, 'Roslev', '09:30:00');
INSERT into Customer values(74103, 1325, 'Jens Otto Krags Plads', '5', 8900, 'Randers C', '08:00:00');
INSERT into Customer values(16681, 412, 'Snejbjerg Hovedgade', '38', 7400, 'Herning', '08:05:00');
INSERT into Customer values(73820, 1313, 'Adelgade', '73', 9500, 'Hobro', '07:30:00');
INSERT into Customer values(25542, 964, 'Borgergade', '74-78 A', 8600, 'Silkeborg', '12:00:00');
INSERT into Customer values(24914, 948, 'Vinkelvej', '85', 8800, 'Viborg', '10:00:00');
INSERT into Customer values(21589, 544, 'Vellingvej', '47', 6950, 'Ringkbing', '07:10:00');
INSERT into Customer values(21808, 563, 'Grenvej', '768', 8541, 'Skdstrup', '07:50:00');
INSERT into Customer values(22546, 634, 'Simons Bakke', '72', 7700, 'Thisted', '08:30:00');
INSERT into Customer values(22571, 641, 'Kystvejen', '80', 9400, 'Nrresundby', '12:00:00');
INSERT into Customer values(27576, 1187, 'Viby Ringvej', '20', 8260, 'Viby J', '07:00:00');
INSERT into Customer values(21558, 542, 'Tangesvej', '4', 8850, 'Bjerringbro', '09:45:00');
INSERT into Customer values(13304, 250, 'Flledvej', '17', 7900, 'Nykbing Mors', '06:30:00');
INSERT into Customer values(27308, 1146, 'Hobrovej', '446', 9200, 'lborg Sv', '08:00:00');
INSERT into Customer values(13164, 240, 'Limegrdsvej', '4', 8544, 'Mrke', '12:00:00');
INSERT into Customer values(24456, 822, 'Rudemllevej', '3', 7800, 'Skive', '12:00:00');
INSERT into Customer values(50409, 1201, 'sterbro', '9', 8464, 'Galten', '11:00:00');
INSERT into Customer values(18881, 451, 'Blokhusvej', '41', 9400, 'Pandrup', '12:00:00');
INSERT into Customer values(2849, 74, 'Dolmervej', '2', 8500, 'Gren', '09:00:00');
INSERT into Customer values(24482, 844, 'Filstedvej', '16', 9000, 'AALBORG', '12:00:00');
INSERT into Customer values(26692, 1057, 'Torvet', '8', 8581, 'Nimtofte', '11:00:00');
INSERT into Customer values(575, 16, 'Finlandsgade', '17', 8200, 'Aarhus N', '07:45:00');
INSERT into Customer values(24288, 738, 'Agersbkvej', '13', 6950, 'Ringkbing', '20:00:00');
INSERT into Customer values(25914, 995, 'Vestre Alle', '13', 9000, 'lborg', '10:30:00');
INSERT into Customer values(18875, 445, 'stkystvejen 314, Voers', '', 9300, 'Sby', '12:00:00');
INSERT into Customer values(24500, 860, 'Tingstedet', '20', 9230, 'SVENSTRUP J', '12:00:00');
INSERT into Customer values(27042, 1122, 'Dalsagervej', '1', 9850, 'Hirtshals', '10:00:00');
INSERT into Customer values(23539, 694, 'stbakken', '57', 7700, 'Thisted', '12:00:00');
INSERT into Customer values(27135, 1136, 'Brogrdsvej', '6', 7500, 'Holstebro', '12:00:00');
INSERT into Customer values(2458, 48, 'Jgergrdsgade', '16', 8000, 'Aarhus C', '07:30:00');
INSERT into Customer values(23511, 688, 'Absalonsvej', '2', 7400, 'Herning', '08:30:00');
INSERT into Customer values(13595, 282, 'Bredgade', '35', 7480, 'Vildbjerg', '05:55:00');
INSERT into Customer values(22266, 610, 'Sjllandsgade', '15-17', 8900, 'Randers', '08:30:00');
INSERT into Customer values(7094, 161, 'Brogade', '23', 9370, 'Hals', '05:15:00');
INSERT into Customer values(52701, 1245, 'Sct. Mathiasgade', '38', 8800, 'Viborg', '07:25:00');
INSERT into Customer values(50429, 1206, 'Hjaltesvej', '2', 8600, 'Silkeborg', '10:00:00');
INSERT into Customer values(25963, 1003, 'Borgergade', '71', 8600, 'Silkeborg', '08:00:00');
INSERT into Customer values(22548, 635, 'Thurvej', '9', 9500, 'Hobro', '07:00:00');
INSERT into Customer values(11622, 212, 'Jernbanegade', '5', 9530, 'Stvring', '03:15:00');
INSERT into Customer values(14883, 365, 'Saltumvej', '3', 9220, 'Aalborg st', '07:30:00');
INSERT into Customer values(24408, 781, 'Skolegade', '6', 7550, 'Srvad', '23:00:00');
INSERT into Customer values(50494, 1226, 'Hobrovej', '12', 9500, 'Hobro', '06:15:00');
INSERT into Customer values(10914, 202, 'Skolevnget', '15', 6950, 'Ringkbing', '07:30:00');
INSERT into Customer values(21492, 517, 'Pakhusvej', '7', 8382, 'Hinnerup', '09:30:00');
INSERT into Customer values(21168, 472, 'Markedsvej', '3', 9600, 'rs', '06:00:00');
INSERT into Customer values(74215, 1328, 'Byrum Hovedgade', '66', 9940, 'Ls', '12:00:00');
INSERT into Customer values(50445, 1210, 'Ballerumvej', '113', 7700, 'Thisted', '08:30:00');
INSERT into Customer values(52182, 1233, 'Fabriksvej', '2', 8800, 'Viborg', '06:00:00');
INSERT into Customer values(18873, 443, 'Studievej', '10', 9480, 'Lkken', '12:00:00');
INSERT into Customer values(13269, 243, 'Luneborgvej', '78', 9382, 'Tylstrup', '09:00:00');
INSERT into Customer values(23628, 707, 'Langgade', '43', 8961, 'Allingebro', '05:30:00');
INSERT into Customer values(82359, 1339, 'VIBY CENTRET', '', 8260, 'VIBY J', '06:45:00');
INSERT into Customer values(25597, 969, 'Beringvej', '2', 8361, 'Hasselager', '04:20:00');
INSERT into Customer values(7470, 178, 'Fruensgaard Plads', '1', 9550, 'Mariager', '09:15:00');
INSERT into Customer values(82428, 1340, 'CITY VEST', '', 8220, 'BRABRAND', '07:45:00');
INSERT into Customer values(22872, 655, 'Sdr. Truevej', '1', 9500, 'Hobro', '12:00:00');
INSERT into Customer values(21244, 479, 'Havnegade', '2', 9940, 'Ls', '12:00:00');
INSERT into Customer values(18827, 422, 'Aagade', '32', 9240, 'Nibe', '10:55:00');
INSERT into Customer values(24475, 839, 'Friskolevej', '13', 7950, 'Erslev', '12:00:00');
INSERT into Customer values(24455, 821, 'Rosenbakken', '8', 7800, 'Skive', '12:00:00');
INSERT into Customer values(25886, 989, 'Glentevej', '16', 7400, 'Herning', '10:00:00');
INSERT into Customer values(23592, 701, 'rhusvej', '102', 8920, 'Randers Nv', '08:30:00');
INSERT into Customer values(27388, 1181, 'Porsvnget', '4', 7400, 'Herning', '10:00:00');
INSERT into Customer values(26664, 1050, 'Gammel Viborgvej', '381', 8920, 'Randers Nv', '06:30:00');
INSERT into Customer values(27351, 1162, 'Idrts Alle', '4', 9800, 'Hjrring', '10:00:00');
INSERT into Customer values(26823, 1080, 'Sankt Laurentiivej', '28', 9990, 'Skagen', '09:15:00');
INSERT into Customer values(15253, 379, 'Lundgaardsvej', '2', 9510, 'Arden', '05:45:00');
INSERT into Customer values(2763, 66, 'Siimtoften', '2', 8680, 'Ry', '08:45:00');
INSERT into Customer values(52233, 1236, 'Hedelandsvej', '18', 7400, 'Herning', '04:15:00');
INSERT into Customer values(2872, 76, 'brovej', '61', 8586, 'rum Djurs', '09:00:00');
INSERT into Customer values(13416, 267, 'Hjortshj Stationsvej', '8', 8530, 'Hjortshj', '10:20:00');
INSERT into Customer values(13281, 244, 'Industrivej', '1', 7620, 'Lemvig', '06:55:00');
INSERT into Customer values(52845, 1246, 'Rosenbakken', '8', 7800, 'Skive', '04:45:00');
INSERT into Customer values(21968, 597, 'Bygaden', '6', 7430, 'Ikast', '06:30:00');
INSERT into Customer values(13743, 285, 'Kbmandsgade', '1', 7500, 'Holstebro', '07:00:00');
INSERT into Customer values(24605, 910, 'Brandevej', '6', 8600, 'Silkeborg', '20:00:00');
INSERT into Customer values(21264, 487, 'Knudsgade', '100', 9700, 'Brnderslev', '08:45:00');
INSERT into Customer values(21842, 568, 'Niels Skiverensvej', '5-7', 9982, 'lbk', '10:30:00');
INSERT into Customer values(25478, 956, 'Hannerupvej', '259', 9500, 'Hobro', '11:30:00');
INSERT into Customer values(24290, 740, 'Skolegade', '12', 6971, 'Spjald', '20:00:00');
INSERT into Customer values(27358, 1166, 'Tordenskjoldsgade', '75', 8200, 'Aarhus N', '09:30:00');
INSERT into Customer values(15382, 383, 'Hobrovej', '461', 9200, 'lborg Sv.', '12:00:00');
INSERT into Customer values(24491, 853, 'Lange Mllersvej', '18', 9200, 'AALBORG SV', '12:00:00');
INSERT into Customer values(24607, 912, 'Tinghusvej', '16', 8620, 'Kjellerup', '12:00:00');
INSERT into Customer values(2123, 33, 'Beringvej', '2', 8361, 'Hasselager', '06:30:00');
INSERT into Customer values(14426, 333, 'Ellehammersvej', '84', 9430, 'Vadum', '05:20:00');
INSERT into Customer values(22634, 644, 'Michael Drewsens Vej', '6', 8270, 'Hjbjerg', '12:00:00');
INSERT into Customer values(24503, 861, 'Ejdrupvej', '33', 9240, 'NIBE', '12:00:00');
INSERT into Customer values(24522, 870, 'ster Hassingvej', '1', 9310, 'VODSKOV', '12:00:00');
INSERT into Customer values(25794, 982, 'Vestergade', '31', 7850, 'Stoholm', '04:30:00');
INSERT into Customer values(27347, 1160, 'Holme Mllevej', '49', 8260, 'Viby J', '10:15:00');
INSERT into Customer values(23353, 666, 'Thorupvej', '2', 7451, 'Sunds', '05:30:00');
INSERT into Customer values(24382, 758, 'Soldalen', '8', 7480, 'Vildbjerg', '23:59:00');
INSERT into Customer values(22538, 630, 'Voldum Rudvej', '17', 8370, 'Hadsten', '10:15:00');
INSERT into Customer values(24630, 930, 'Skolen Nr.', '3', 7470, 'Karup J', '23:59:00');
INSERT into Customer values(24414, 787, 'Langhjvej', '29', 7600, 'Struer', '23:59:00');
INSERT into Customer values(21525, 533, 'Mlletorvet', '5', 8963, 'Auning', '04:00:00');
INSERT into Customer values(5636, 148, 'rum torv', '1', 8830, 'Tjele', '11:55:00');
INSERT into Customer values(78842, 1330, 'Jyllensgade', '32', 9370, 'Hals', '06:00:00');
INSERT into Customer values(73045, 1298, 'Michael Drewsensvej', '6', 8270, 'Hjbjerg', '12:00:00');
INSERT into Customer values(24431, 801, 'Kirkebyvej', '25', 7700, 'Thisted', '12:00:00');
INSERT into Customer values(21652, 548, 'Ravnshjvej', '155', 9900, 'Frederikshavn', '12:00:00');
INSERT into Customer values(24332, 748, 'Skolebakken', '2', 7400, 'Herning', '23:59:00');
INSERT into Customer values(73753, 1309, 'Chr. D. VIIIS Vej', '8', 8600, 'Silkeborg', '08:30:00');
INSERT into Customer values(492, 12, 'Viby Centret', '', 8260, 'Viby J', '06:45:00');
INSERT into Customer values(11459, 209, 'Randersvej', '147', 8990, 'Frup', '12:00:00');
INSERT into Customer values(24625, 927, 'Skanderborgvej', '50', 8680, 'Ry', '10:30:00');
INSERT into Customer values(24531, 876, 'Peter Lthsvej', '5', 9440, 'AABYBRO', '12:00:00');
INSERT into Customer values(73822, 1313, 'Gl. Landevej', '153', 7400, 'Herning', '09:00:00');
INSERT into Customer values(24438, 807, 'Thorstedvej', '21', 7700, 'Thisted', '12:00:00');
INSERT into Customer values(27122, 1135, 'Hans Broges Gade', '20', 8000, 'rhus C', '11:30:00');
INSERT into Customer values(24631, 931, 'Ammunitionsvej', '5', 8800, 'Viborg', '12:00:00');
INSERT into Customer values(13352, 258, 'restrupvej', '2', 9000, 'lborg', '10:45:00');
INSERT into Customer values(24356, 752, 'Tjelevej', '25', 7400, 'Herning', '23:59:00');
INSERT into Customer values(15918, 398, 'Norges All', '1-5', 8200, 'Aarhus N', '08:00:00');
INSERT into Customer values(27037, 1120, 'Smedegade', '5', 9330, 'Dronninglund', '11:00:00');
INSERT into Customer values(82377, 1339, 'FREDERIKSALLE 22-24', '', 8000, 'RHUS C', '07:45:00');
INSERT into Customer values(22213, 609, 'Virklundvej', '3', 8600, 'Silkeborg', '10:15:00');
INSERT into Customer values(4528, 89, 'Rundhj Torvet', '2', 8270, 'Hjbjerg', '05:30:00');
INSERT into Customer values(4546, 93, 'Stoften', '2A', 8660, 'Skanderborg', '08:30:00');
INSERT into Customer values(14365, 300, 'Viborgvej', '97', 7400, 'Herning', '06:00:00');
INSERT into Customer values(25852, 986, 'Aabybro Centret', '12', 9440, 'Aabybro', '06:00:00');
INSERT into Customer values(21654, 550, 'Bredningen', '101', 9700, 'Brnderslev', '10:30:00');
INSERT into Customer values(584, 17, 'DYTMRSKEN 14', '', 8900, 'Randers C', '07:15:00');
INSERT into Customer values(21215, 473, 'rhusvej', '191', 8570, 'Trustrup', '07:55:00');
INSERT into Customer values(21353, 498, 'Ryhavevej', '28', 8210, 'Aarhus V', '09:00:00');
INSERT into Customer values(22568, 640, 'Brombrvej', '1', 8462, 'Harlev J', '07:55:00');
INSERT into Customer values(21402, 501, 'Industrivej', '4', 9480, 'Lkken', '05:50:00');
INSERT into Customer values(21522, 530, 'Kridthjvej', '8', 8270, 'Hjbjerg', '09:30:00');
INSERT into Customer values(73866, 1315, 'Vlundsvej', '1-3', 7400, 'Herning', '07:30:00');
INSERT into Customer values(18853, 428, 'Engvej', '8', 9982, 'lbk', '12:00:00');
INSERT into Customer values(27038, 1121, 'Solvej', '58', 9493, 'Saltum', '12:00:00');
INSERT into Customer values(22667, 648, 'Gravene', '1', 7860, 'Spttrup', '11:30:00');
INSERT into Customer values(24494, 856, 'Herningvej', '35', 9220, 'AALBORG ', '12:00:00');
INSERT into Customer values(21868, 577, 'Skolestien', '2', 9800, 'Hjrring', '12:00:00');
INSERT into Customer values(26691, 1056, 'Mejlbyvej', '685', 8530, 'Hjortshj', '11:30:00');
INSERT into Customer values(21869, 578, 'Stendyssevej', '80', 9850, 'Hirtshals', '12:00:00');
INSERT into Customer values(50415, 1202, 'Hrretvej', '12', 8320, 'Mrslet', '06:30:00');
INSERT into Customer values(25990, 1014, 'Sct Olai Plads', '5', 9800, 'Hjrring', '09:30:00');
INSERT into Customer values(24479, 841, 'Langgade', '32', 8800, 'Viborg', '12:00:00');
INSERT into Customer values(13397, 264, 'Nrrealle', '1', 7980, 'Vils', '08:30:00');
INSERT into Customer values(73200, 1301, 'Hjrringgade', '5', 9850, 'Hirtshals', '08:00:00');
INSERT into Customer values(22557, 637, 'Emmasvej', '1', 8220, 'Brabrand', '12:00:00');
INSERT into Customer values(24636, 936, 'Gl. Randersvej', '8', 8850, 'Bjerringbro', '23:59:00');
INSERT into Customer values(21505, 521, 'De Lichtenbergsvej', '11-13', 8500, 'Gren', '09:25:00');
INSERT into Customer values(26897, 1105, 'Ringvej Syd', '100', 8260, 'Viby J', '07:30:00');
INSERT into Customer values(52198, 1234, 'Sgrdsvej, Sevel', '4', 7830, 'Vinderup', '06:00:00');
INSERT into Customer values(24486, 848, 'Sjllandsgade', '2', 9000, 'AALBORG', '12:00:00');
INSERT into Customer values(25726, 980, 'Nhr Srensensvej', '1 A', 9210, 'lborg S', '09:00:00');
INSERT into Customer values(72387, 1288, 'Margrethevej', '12', 9850, 'Hirtshals', '06:45:00');
INSERT into Customer values(72207, 1283, 'Bleggravsvej', '34', 9490, 'Pandrup', '08:15:00');
INSERT into Customer values(24592, 902, 'Bygaden', '41', 7430, 'Ikast', '20:00:00');
INSERT into Customer values(23492, 686, 'Blichersvej', '13', 8620, 'Kjellerup', '03:15:00');
INSERT into Customer values(21526, 534, 'Maigrdsvej', '3', 9900, 'Frederikshavn', '06:00:00');
INSERT into Customer values(13321, 257, 'Ullerupvej', '51', 9670, 'Lgstr', '08:45:00');
INSERT into Customer values(21325, 496, 'Vestergade', '15', 7700, 'Thisted', '09:55:00');
INSERT into Customer values(24617, 920, 'Mllevej', '5-7', 8620, 'Kjellerup', '12:00:00');
INSERT into Customer values(60980, 1276, 'Beringsvej', '2', 8361, 'Hasselager', '09:30:00');
INSERT into Customer values(24458, 824, 'Sevelvej', '27', 7830, 'Vinderup', '23:59:00');
INSERT into Customer values(26791, 1064, 'Nibevej', '189', 9530, 'Stvring', '06:15:00');
INSERT into Customer values(20937, 468, 'Randersvej', '10', 8600, 'Silkeborg', '06:30:00');
INSERT into Customer values(21257, 485, 'Arkaden', '14', 9700, 'Brnderslev', '09:15:00');
INSERT into Customer values(26898, 1105, 'Merkurvej', '1', 7400, 'Herning', '07:25:00');
INSERT into Customer values(18846, 424, 'Uggerhalnevej', '4', 9310, 'Vodskov', '12:00:00');
INSERT into Customer values(82442, 1340, 'HOBROVEJ 450', '', 9200, 'lborg Sv', '07:10:00');
INSERT into Customer values(50485, 1220, 'Slotsgade', '25', 9330, 'Dronninglund', '07:20:00');
INSERT into Customer values(73212, 1302, 'Helsingforsgade', '4', 8200, 'Aarhus N', '12:00:00');
INSERT into Customer values(5607, 145, 'Sndergade', '5', 7830, 'Vinderup', '07:00:00');
INSERT into Customer values(5299, 126, 'Hovedgaden', '41', 8831, 'Lgstrup', '12:00:00');
INSERT into Customer values(27570, 1187, 'Smedegade', '21', 7600, 'Struer', '08:30:00');
INSERT into Customer values(53007, 1248, 'LUNDVEJ 8', '', 7400, 'HERNING', '09:20:00');
INSERT into Customer values(21171, 472, 'sterbrogade', '55', 8500, 'Gren', '08:00:00');
INSERT into Customer values(52690, 1244, 'Vejlbyklitvej', '135', 7673, 'Harbore', '09:30:00');
INSERT into Customer values(27345, 1159, 'Bredgade', '15', 7441, 'Bording', '08:15:00');
INSERT into Customer values(21830, 565, 'Stationsvej', '4', 7570, 'Vemb', '11:00:00');
INSERT into Customer values(21530, 537, 'Snder Havnevej', '2', 9982, 'lbk', '06:35:00');
INSERT into Customer values(52447, 1238, 'Struervej', '18', 7500, 'Holstebro', '10:05:00');
INSERT into Customer values(24387, 763, 'Den Rde Plads', '4', 7500, 'Holstebro', '23:59:00');
INSERT into Customer values(24584, 896, 'Solsortevej', '10', 7441, 'Bording', '20:00:00');
INSERT into Customer values(297, 10, 'NIELS BOHRSVEJ 44', '', 9220, 'lborg st', '07:50:00');
INSERT into Customer values(21701, 558, 'Engholm Spark', '2', 7400, 'Herning', '05:00:00');
INSERT into Customer values(27164, 1139, 'Toustrupvej', '2', 7400, 'Herning', '11:00:00');
INSERT into Customer values(24603, 908, 'Funder Skolevej', '3', 8600, 'Silkeborg', '20:00:00');
INSERT into Customer values(73751, 1307, 'Bredstrupgade', '3-5', 8900, 'Randers', '05:00:00');
INSERT into Customer values(294, 8, 'RDHUSALLE 83', '', 9900, 'FREDERIKSHAVN', '06:05:00');
INSERT into Customer values(26846, 1094, 'Ved Dammen', '31', 8970, 'Havndal', '10:00:00');
INSERT into Customer values(60089, 1261, 'Hobrovej', '450', 9200, 'Aalborg Sv', '06:05:00');
INSERT into Customer values(21557, 541, 'Grnnegade', '20', 9300, 'Sby', '10:15:00');
INSERT into Customer values(26678, 1054, 'Sndergade', '15', 8370, 'Hadsten', '05:00:00');
INSERT into Customer values(82344, 1339, 'BREDGADE 43', '', 7400, 'HERNING', '09:00:00');
INSERT into Customer values(27103, 1130, 'Volden', '2', 7470, 'Karup J', '12:00:00');
INSERT into Customer values(18855, 430, 'Nolsvej 1', '', 9493, 'Saltum', '12:00:00');
INSERT into Customer values(32061, 1196, 'Mllegade', '99', 8660, 'Skanderborg', '08:35:00');
INSERT into Customer values(2773, 67, 'Kirketorvet', '9', 8310, 'Tranbjerg J', '06:00:00');
INSERT into Customer values(21296, 490, 'Guldsmedegade', '42', 8000, 'Aarhus C', '07:45:00');
INSERT into Customer values(24496, 858, 'Ny Skolevej', '2', 9230, 'SVENSTRUP J', '12:00:00');
INSERT into Customer values(2465, 50, 'Bryggertorv', '9', 8620, 'Kjellerup', '05:30:00');
INSERT into Customer values(60139, 1267, 'Parallelvej', '1', 8680, 'Ry', '09:00:00');
INSERT into Customer values(27330, 1151, 'Snderskovvej', '4', 9370, 'Hals', '04:25:00');
INSERT into Customer values(16182, 407, 'Hasseris Bymidte', '4', 9000, 'lborg', '07:10:00');
INSERT into Customer values(22635, 645, 'Grnhj Skivevej', '7', 7470, 'Karup J', '12:00:00');
INSERT into Customer values(22403, 621, 'Hjermvej', '24-26', 7500, 'Holstebro', '12:00:00');
INSERT into Customer values(23074, 659, 'Energivej', '22', 8920, 'Randers Nv', '05:30:00');
INSERT into Customer values(73795, 1312, 'Birkevej', '41', 8410, 'Rnde', '05:55:00');
INSERT into Customer values(23719, 719, 'Axel Gruhns vej', '7', 8270, 'Hjbjerg', '12:00:00');
INSERT into Customer values(21490, 515, 'Frederiks Alle', '170', 8000, 'Aarhus C', '07:35:00');
INSERT into Customer values(16759, 415, 'Vestre All', '3', 9000, 'lborg', '08:20:00');
INSERT into Customer values(27364, 1168, 'H. I. Bies Plads', '2', 9500, 'Hobro', '08:00:00');
INSERT into Customer values(26818, 1079, 'Elkrvej', '11', 9381, 'Sulsted', '07:30:00');
INSERT into Customer values(21670, 554, 'Sognstrupvej', '4', 7500, 'Holstebro', '08:00:00');
INSERT into Customer values(26842, 1090, 'stergade', '23', 9690, 'Fjerritslev', '08:15:00');
INSERT into Customer values(27206, 1142, 'Kolt stervej', '37-39', 8361, 'Hasselager', '10:00:00');
INSERT into Customer values(16790, 417, 'Kirkevej', '2', 9240, 'Nibe', '10:40:00');
INSERT into Customer values(25533, 962, 'Holmegade', '34', 6990, 'Ulfborg', '10:00:00');
INSERT into Customer values(23880, 731, 'Park Alle', '2', 7600, 'Struer', '20:00:00');
INSERT into Customer values(24532, 877, 'Rnnebrvej', '8', 9440, 'AABYBRO', '12:00:00');
INSERT into Customer values(14462, 338, 'Vestergade', '55', 9620, 'lestrup', '03:30:00');
INSERT into Customer values(27463, 1183, 'Hoyvik', '2', 0188, 'HOYVIK', '12:00:00');
INSERT into Customer values(14380, 310, 'Nrregade', '40-42', 7800, 'Skive', '05:00:00');
INSERT into Customer values(26990, 1111, 'Sundvej', '37', 8832, 'Skals', '12:00:00');
INSERT into Customer values(13365, 259, 'Asselsvej', '184', 7990, 'ster Assels', '09:30:00');
INSERT into Customer values(25722, 980, 'Vennelystvej', '33', 8960, 'Randers S', '09:00:00');
INSERT into Customer values(50479, 1215, 'Torvegade', '7', 9510, 'Arden', '11:30:00');
INSERT into Customer values(24396, 772, 'Odinsvej', '2', 7500, 'Holstebro', '23:59:00');
INSERT into Customer values(26815, 1077, 'Stationsvej', '5 D', 9280, 'Storvorde', '12:00:00');
INSERT into Customer values(23427, 675, 'Hammerum Hovedgade', '51-53', 7400, 'Herning', '11:00:00');
INSERT into Customer values(22282, 614, 'stergade', '8', 9574, 'Blum', '09:00:00');
INSERT into Customer values(73306, 1304, 'Toldbodvej', '9', 9480, 'Lkken', '06:00:00');
INSERT into Customer values(5312, 127, 'Viborgvej', '111', 7500, 'Holstebro', '05:10:00');
INSERT into Customer values(14525, 344, 'Frugtparken', '3', 7800, 'Skive', '05:00:00');
INSERT into Customer values(5577, 141, 'lborgvej', '187', 7742, 'Vesls', '05:45:00');
INSERT into Customer values(7591, 184, 'Dannebrogsgade', '64', 9000, 'lborg', '09:00:00');
INSERT into Customer values(251, 5, 'AGERVEJ 7, TILST', '', 8381, 'MUNDELSTRUP', '07:00:00');
INSERT into Customer values(26844, 1092, 'Thistedvej', '465', 9690, 'Fjerritslev', '09:55:00');
INSERT into Customer values(8119, 186, 'sterbrogade', '2', 8500, 'Gren', '08:30:00');
INSERT into Customer values(21439, 507, 'Oddesundvej', '267', 7790, 'Hurup Thy', '08:45:00');
INSERT into Customer values(11582, 210, 'Skovvej', '2', 9510, 'Arden', '07:00:00');
INSERT into Customer values(2921, 78, 'Storvet', '1', 8600, 'Silkeborg', '09:00:00');
INSERT into Customer values(27373, 1173, 'Bane Alle', '6', 8450, 'Hammel', '05:35:00');
INSERT into Customer values(26955, 1108, 'A.S. rstedsvej', '22', 8800, 'Viborg', '12:00:00');
INSERT into Customer values(22298, 615, 'Nrreport', '28, st.', 8000, 'Aarhus C', '09:00:00');
INSERT into Customer values(13288, 246, 'Skous Gade', '1', 7620, 'Lemvig', '04:30:00');
INSERT into Customer values(52510, 1242, 'NYBO HJE 5, P.B.1163', '', 7500, 'HOLSTEBRO', '05:15:00');
INSERT into Customer values(22059, 605, 'Strandvejen', '31', 9850, 'Hirtshals', '12:00:00');
INSERT into Customer values(88846, 1349, 'Sennelsvej', '1', 7700, 'Thisted', '12:00:00');
INSERT into Customer values(23515, 689, 'Mejerivej', '1', 8560, 'Kolind', '08:00:00');
INSERT into Customer values(13636, 284, 'Strggade', '53', 7620, 'Lemvig', '08:00:00');
INSERT into Customer values(24655, 947, 'Skovmosevej', '1', 9500, 'Hobro', '11:00:00');
INSERT into Customer values(21514, 524, 'Mllevangsalle', '151', 8210, 'Aarhus V', '09:15:00');
INSERT into Customer values(25994, 1016, 'Hjedsbkvej', '349', 9541, 'Suldrup', '05:00:00');
INSERT into Customer values(60147, 1269, 'Viborgvej', '102', 8920, 'Randers Nv', '07:00:00');
INSERT into Customer values(73214, 1303, 'Industribuen', '3', 7730, 'Hanstholm', '14:00:00');
INSERT into Customer values(71531, 1279, 'Ingeborgvej', '2', 9480, 'Lkken', '11:00:00');
INSERT into Customer values(18870, 440, 'Skolevnget', '3', 9690, 'Fjerritslev', '12:00:00');
INSERT into Customer values(26859, 1095, 'Boulevarden', '19', 9740, 'Jerslevj', '10:15:00');
INSERT into Customer values(7065, 156, 'Limfjordsgade', '53', 9440, 'bybro', '09:45:00');
INSERT into Customer values(25599, 970, 'Viborgvej', '21', 8600, 'Silkeborg', '12:00:00');
INSERT into Customer values(52735, 1245, 'Herningvej', '1', 7540, 'Haderup', '05:30:00');
INSERT into Customer values(25563, 965, 'Gasvrksvej', '5', 8660, 'Skanderborg', '07:00:00');
INSERT into Customer values(5630, 147, 'Byvejen', '36 B', 6950, 'Ringkbing', '08:05:00');
INSERT into Customer values(24495, 857, 'Egemarksvej', '1', 9230, 'SVENSTRUP J', '12:00:00');
INSERT into Customer values(25893, 992, 'Toften', '9', 9240, 'Nibe', '10:30:00');
INSERT into Customer values(26943, 1106, 'Skjtealleen', '3', 9990, 'Frederikshavn', '10:00:00');
INSERT into Customer values(10829, 198, 'MARIAGERVEJ 175', '', 8920, 'Randers Nv', '05:30:00');
INSERT into Customer values(26736, 1062, 'Stationsvej', '30', 7800, 'Skive', '12:00:00');
INSERT into Customer values(25977, 1012, 'Klarupvej', '52', 9270, 'Klarup', '07:00:00');
INSERT into Customer values(52330, 1238, 'Harboegade', '17', 6990, 'Ulfborg', '09:30:00');
INSERT into Customer values(11741, 215, 'Eli Christensen', '3', 7430, 'Ikast', '05:15:00');
INSERT into Customer values(80586, 1336, 'Havnegade', '15', 9370, 'Hals', '06:00:00');
INSERT into Customer values(528, 14, 'CITY VEST', '', 8220, 'BRABRAND', '07:45:00');
INSERT into Customer values(2113, 31, 'Storegade', '51', 8960, 'Randers S', '10:00:00');
INSERT into Customer values(27460, 1183, 'Fuglafjrdur', '2', 0530, 'Fuglafjrdur', '12:00:00');
INSERT into Customer values(73793, 1311, 'Lyngbygade', '108', 8600, 'Silkeborg', '09:35:00');
INSERT into TransportUnit values(915, 21421, 4.08);
INSERT into TransportUnit values(935, 2011, 2.39);
INSERT into TransportUnit values(133, 14459, 2.42);
INSERT into TransportUnit values(244, 25903, 1.52);
INSERT into TransportUnit values(531, 23639, 1.52);
INSERT into TransportUnit values(349, 4548, 2.42);
INSERT into TransportUnit values(377, 73889, 14.18);
INSERT into TransportUnit values(345, 25977, 7.04);
INSERT into TransportUnit values(670, 23421, 2.26);
INSERT into TransportUnit values(494, 10650, 1.94);
INSERT into TransportUnit values(660, 24302, 0.52);
INSERT into TransportUnit values(471, 26490, 2.84);
INSERT into TransportUnit values(4342599, 13744, 1.54);
INSERT into TransportUnit values(760, 5299, 1.00);
INSERT into TransportUnit values(4703728, 21056, 3.52);
INSERT into TransportUnit values(394, 73753, 2.00);
INSERT into TransportUnit values(327, 27131, 0.52);
INSERT into TransportUnit values(866, 21530, 6.91);
INSERT into TransportUnit values(050, 24362, 0.52);
INSERT into TransportUnit values(341, 17076, 3.36);
INSERT into TransportUnit values(252, 5212, 3.42);
INSERT into TransportUnit values(407, 21970, 1.52);
INSERT into TransportUnit values(384, 27013, 3.00);
INSERT into TransportUnit values(752, 21249, 5.62);
INSERT into TransportUnit values(346, 14364, 3.84);
INSERT into TransportUnit values(815, 5577, 1.00);
INSERT into TransportUnit values(621, 52512, 12.04);
INSERT into TransportUnit values(128, 21848, 1.52);
INSERT into TransportUnit values(706, 27308, 1.94);
INSERT into TransportUnit values(688, 24293, 0.52);
INSERT into TransportUnit values(827, 2556, 1.04);
INSERT into TransportUnit values(939, 17049, 1.42);
INSERT into TransportUnit values(650, 14396, 4.04);
INSERT into TransportUnit values(347, 4566, 1.94);
INSERT into TransportUnit values(040, 60980, 9.04);
INSERT into TransportUnit values(529, 14383, 2.00);
INSERT into TransportUnit values(431, 26802, 1.00);
INSERT into TransportUnit values(063, 22050, 2.00);
INSERT into TransportUnit values(246, 26728, 3.42);
INSERT into TransportUnit values(097, 13288, 2.52);
INSERT into TransportUnit values(031, 73790, 2.00);
INSERT into TransportUnit values(797, 27351, 2.00);
INSERT into TransportUnit values(508, 25718, 3.00);
INSERT into TransportUnit values(380, 72075, 10.86);
INSERT into TransportUnit values(210, 50445, 1.56);
INSERT into TransportUnit values(071, 5037, 1.00);
INSERT into TransportUnit values(312, 4560, 2.36);
INSERT into TransportUnit values(306, 12815, 3.00);
INSERT into TransportUnit values(286, 7732, 2.42);
INSERT into TransportUnit values(487, 26364, 3.78);
INSERT into TransportUnit values(258, 3282, 8.98);
INSERT into TransportUnit values(391, 27321, 3.00);
INSERT into TransportUnit values(105, 52470, 1.54);
INSERT into TransportUnit values(931, 14378, 4.26);
INSERT into TransportUnit values(796, 52201, 3.91);
INSERT into TransportUnit values(195, 60031, 3.00);
INSERT into TransportUnit values(794, 52328, 16.66);
INSERT into TransportUnit values(974, 21920, 1.00);
INSERT into TransportUnit values(739, 23631, 3.00);
INSERT into TransportUnit values(818, 26843, 1.52);
INSERT into TransportUnit values(938, 21516, 2.00);
INSERT into TransportUnit values(754, 5185, 2.00);
INSERT into TransportUnit values(717, 24315, 0.52);
INSERT into TransportUnit values(425, 27189, 1.00);
INSERT into TransportUnit values(757, 21521, 9.70);
INSERT into TransportUnit values(878, 24970, 1.94);
INSERT into TransportUnit values(645, 24383, 1.00);
INSERT into TransportUnit values(719, 24342, 0.52);
INSERT into TransportUnit values(079, 23409, 1.42);
INSERT into TransportUnit values(297, 71732, 2.54);
INSERT into TransportUnit values(486, 21481, 2.52);
INSERT into TransportUnit values(263, 50493, 1.00);
INSERT into TransportUnit values(661, 14394, 2.00);
INSERT into TransportUnit values(825, 7440, 0.52);
INSERT into TransportUnit values(122, 15863, 1.00);
INSERT into TransportUnit values(748, 14923, 2.00);
INSERT into TransportUnit values(336, 21653, 2.84);
INSERT into TransportUnit values(470, 50413, 5.23);
INSERT into TransportUnit values(299, 50490, 1.00);
INSERT into TransportUnit values(019, 14525, 1.52);
INSERT into TransportUnit values(392, 22561, 1.52);
INSERT into TransportUnit values(637, 24609, 0.52);
INSERT into TransportUnit values(685, 24418, 0.52);
INSERT into TransportUnit values(381, 22564, 1.52);
INSERT into TransportUnit values(296, 13300, 2.42);
INSERT into TransportUnit values(646, 50489, 1.52);
INSERT into TransportUnit values(283, 52332, 6.10);
INSERT into TransportUnit values(751, 11946, 1.00);
INSERT into TransportUnit values(354, 23539, 2.00);
INSERT into TransportUnit values(434, 22546, 12.53);
INSERT into TransportUnit values(631, 24332, 1.00);
INSERT into TransportUnit values(614, 21244, 4.60);
INSERT into TransportUnit values(403, 26198, 3.26);
INSERT into TransportUnit values(535, 25976, 2.94);
INSERT into TransportUnit values(491, 21557, 4.08);
INSERT into TransportUnit values(481, 27175, 2.52);
INSERT into TransportUnit values(260, 14631, 2.84);
INSERT into TransportUnit values(102, 23374, 1.94);
INSERT into TransportUnit values(883, 26720, 3.23);
INSERT into TransportUnit values(319, 27630, 2.42);
INSERT into TransportUnit values(248, 14387, 3.85);
INSERT into TransportUnit values(849, 15842, 2.52);
INSERT into TransportUnit values(209, 7502, 4.81);
INSERT into TransportUnit values(213, 13304, 4.85);
INSERT into TransportUnit values(358, 23082, 2.78);
INSERT into TransportUnit values(242, 74103, 1.52);
INSERT into TransportUnit values(816, 13410, 1.52);
INSERT into TransportUnit values(228, 21660, 3.26);
INSERT into TransportUnit values(318, 13424, 1.52);
INSERT into TransportUnit values(4329675, 27125, 0.52);
INSERT into TransportUnit values(143, 26828, 0.52);
INSERT into TransportUnit values(223, 21948, 1.52);
INSERT into TransportUnit values(373, 4434, 2.00);
INSERT into TransportUnit values(924, 14621, 1.52);
INSERT into TransportUnit values(701, 14464, 0.52);
INSERT into TransportUnit values(014, 26801, 1.00);
INSERT into TransportUnit values(528, 21703, 1.77);
INSERT into TransportUnit values(895, 23571, 2.42);
INSERT into TransportUnit values(274, 22903, 1.00);
INSERT into TransportUnit values(357, 13956, 2.88);
INSERT into TransportUnit values(387, 5446, 3.68);
INSERT into TransportUnit values(745, 13779, 1.04);
INSERT into TransportUnit values(382, 26737, 9.48);
INSERT into TransportUnit values(979, 60186, 2.84);
INSERT into TransportUnit values(697, 14381, 3.78);
INSERT into TransportUnit values(4517280, 12615, 1.54);
INSERT into TransportUnit values(989, 7470, 1.52);
INSERT into TransportUnit values(686, 24420, 0.52);
INSERT into TransportUnit values(913, 26719, 1.00);
INSERT into TransportUnit values(002, 54517, 1.04);
INSERT into TransportUnit values(113, 27331, 2.00);
INSERT into TransportUnit values(868, 73751, 2.52);
INSERT into TransportUnit values(772, 11855, 1.52);
INSERT into TransportUnit values(288, 5731, 1.00);
INSERT into TransportUnit values(243, 14363, 1.42);
INSERT into TransportUnit values(953, 25990, 2.00);
INSERT into TransportUnit values(107, 15918, 2.00);
INSERT into TransportUnit values(4342626, 21841, 2.16);
INSERT into TransportUnit values(504, 23358, 3.78);
INSERT into TransportUnit values(104, 13978, 2.00);
INSERT into TransportUnit values(956, 21387, 1.00);
INSERT into TransportUnit values(119, 26678, 2.52);
INSERT into TransportUnit values(694, 22450, 3.42);
INSERT into TransportUnit values(125, 14380, 2.84);
INSERT into TransportUnit values(640, 24410, 0.52);
INSERT into TransportUnit values(507, 1509, 2.39);
INSERT into TransportUnit values(472, 27350, 1.00);
INSERT into TransportUnit values(896, 50427, 2.00);
INSERT into TransportUnit values(055, 27079, 1.52);
INSERT into TransportUnit values(077, 26091, 1.52);
INSERT into TransportUnit values(800, 2435, 3.42);
INSERT into TransportUnit values(309, 590, 1.52);
INSERT into TransportUnit values(503, 73822, 1.04);
INSERT into TransportUnit values(775, 73143, 2.52);
INSERT into TransportUnit values(027, 27390, 1.00);
INSERT into TransportUnit values(109, 2123, 1.00);
INSERT into TransportUnit values(451, 5682, 4.04);
INSERT into TransportUnit values(959, 21523, 14.32);
INSERT into TransportUnit values(774, 52119, 2.52);
INSERT into TransportUnit values(423, 14535, 1.52);
INSERT into TransportUnit values(337, 21172, 3.00);
INSERT into TransportUnit values(415, 2308, 0.52);
INSERT into TransportUnit values(499, 21641, 4.10);
INSERT into TransportUnit values(969, 5130, 0.52);
INSERT into TransportUnit values(743, 24957, 4.08);
INSERT into TransportUnit values(834, 5607, 2.42);
INSERT into TransportUnit values(164, 16651, 4.42);
INSERT into TransportUnit values(826, 26959, 1.00);
INSERT into TransportUnit values(012, 21486, 1.00);
INSERT into TransportUnit values(970, 25887, 1.00);
INSERT into TransportUnit values(729, 24281, 0.52);
INSERT into TransportUnit values(187, 74230, 1.52);
INSERT into TransportUnit values(238, 2837, 0.52);
INSERT into TransportUnit values(900, 21673, 4.68);
INSERT into TransportUnit values(172, 22513, 4.68);
INSERT into TransportUnit values(044, 21319, 1.04);
INSERT into TransportUnit values(015, 13920, 3.31);
INSERT into TransportUnit values(269, 15841, 1.42);
INSERT into TransportUnit values(908, 52530, 1.00);
INSERT into TransportUnit values(820, 5593, 2.42);
INSERT into TransportUnit values(806, 21515, 13.30);
INSERT into TransportUnit values(405, 2891, 2.00);
INSERT into TransportUnit values(037, 2538, 1.52);
INSERT into TransportUnit values(469, 21491, 1.00);
INSERT into TransportUnit values(711, 24590, 0.52);
INSERT into TransportUnit values(957, 11961, 5.00);
INSERT into TransportUnit values(399, 21524, 2.04);
INSERT into TransportUnit values(459, 14417, 2.84);
INSERT into TransportUnit values(780, 50417, 1.52);
INSERT into TransportUnit values(985, 26461, 4.42);
INSERT into TransportUnit values(721, 24592, 0.52);
INSERT into TransportUnit values(995, 27344, 1.00);
INSERT into TransportUnit values(188, 23622, 1.52);
INSERT into TransportUnit values(627, 24411, 0.52);
INSERT into TransportUnit values(4426037, 27605, 1.00);
INSERT into TransportUnit values(856, 23799, 1.42);
INSERT into TransportUnit values(456, 21839, 1.00);
INSERT into TransportUnit values(174, 23151, 4.52);
INSERT into TransportUnit values(009, 16737, 1.00);
INSERT into TransportUnit values(764, 25773, 0.52);
INSERT into TransportUnit values(222, 23436, 3.08);
INSERT into TransportUnit values(770, 14476, 2.94);
INSERT into TransportUnit values(087, 2461, 1.52);
INSERT into TransportUnit values(083, 21061, 2.42);
INSERT into TransportUnit values(736, 24607, 0.52);
INSERT into TransportUnit values(095, 13555, 1.52);
INSERT into TransportUnit values(073, 25967, 6.14);
INSERT into TransportUnit values(949, 12734, 1.94);
INSERT into TransportUnit values(259, 14921, 3.65);
INSERT into TransportUnit values(811, 25961, 1.52);
INSERT into TransportUnit values(840, 27037, 2.00);
INSERT into TransportUnit values(414, 26846, 1.00);
INSERT into TransportUnit values(165, 2844, 3.26);
INSERT into TransportUnit values(428, 13295, 3.62);
INSERT into TransportUnit values(786, 21411, 1.52);
INSERT into TransportUnit values(709, 24618, 0.52);
INSERT into TransportUnit values(152, 27360, 2.52);
INSERT into TransportUnit values(862, 16671, 5.94);
INSERT into TransportUnit values(148, 72820, 8.60);
INSERT into TransportUnit values(137, 21513, 2.04);
INSERT into TransportUnit values(855, 27067, 2.52);
INSERT into TransportUnit values(086, 21494, 1.52);
INSERT into TransportUnit values(112, 27347, 1.00);
INSERT into TransportUnit values(873, 24651, 3.68);
INSERT into TransportUnit values(180, 3266, 3.84);
INSERT into TransportUnit values(131, 25995, 2.00);
INSERT into TransportUnit values(217, 26491, 2.52);
INSERT into TransportUnit values(304, 25958, 1.77);
INSERT into TransportUnit values(059, 23353, 2.94);
INSERT into TransportUnit values(005, 2771, 2.00);
INSERT into TransportUnit values(141, 22558, 1.94);
INSERT into TransportUnit values(906, 27380, 1.42);
INSERT into TransportUnit values(291, 2845, 5.52);
INSERT into TransportUnit values(844, 27373, 1.94);
INSERT into TransportUnit values(185, 60089, 11.81);
INSERT into TransportUnit values(053, 15414, 2.52);
INSERT into TransportUnit values(649, 25891, 1.52);
INSERT into TransportUnit values(662, 14388, 4.26);
INSERT into TransportUnit values(062, 21942, 2.52);
INSERT into TransportUnit values(882, 21527, 2.00);
INSERT into TransportUnit values(388, 21517, 2.52);
INSERT into TransportUnit values(144, 23723, 0.52);
INSERT into TransportUnit values(418, 71068, 2.00);
INSERT into TransportUnit values(788, 14371, 5.20);
INSERT into TransportUnit values(954, 27005, 4.26);
INSERT into TransportUnit values(899, 26897, 3.42);
INSERT into TransportUnit values(727, 24294, 0.52);
INSERT into TransportUnit values(200, 23612, 5.46);
INSERT into TransportUnit values(927, 26104, 7.93);
INSERT into TransportUnit values(167, 24923, 2.00);
INSERT into TransportUnit values(869, 72747, 6.85);
INSERT into TransportUnit values(462, 21256, 3.78);
INSERT into TransportUnit values(120, 22552, 3.78);
INSERT into TransportUnit values(801, 2991, 1.00);
INSERT into TransportUnit values(689, 24306, 0.52);
INSERT into TransportUnit values(010, 27356, 1.00);
INSERT into TransportUnit values(940, 14416, 5.20);
INSERT into TransportUnit values(305, 23518, 1.52);
INSERT into TransportUnit values(129, 21525, 2.52);
INSERT into TransportUnit values(502, 20892, 1.52);
INSERT into TransportUnit values(257, 74163, 2.00);
INSERT into TransportUnit values(511, 27068, 1.00);
INSERT into TransportUnit values(013, 72697, 3.87);
INSERT into TransportUnit values(292, 22049, 1.00);
INSERT into TransportUnit values(395, 26844, 1.00);
INSERT into TransportUnit values(179, 60144, 2.42);
INSERT into TransportUnit values(192, 23470, 5.04);
INSERT into TransportUnit values(690, 24276, 0.52);
INSERT into TransportUnit values(525, 13807, 1.00);
INSERT into TransportUnit values(841, 22543, 1.52);
INSERT into TransportUnit values(322, 27544, 1.00);
INSERT into TransportUnit values(477, 20910, 2.42);
INSERT into TransportUnit values(787, 14815, 1.52);
INSERT into TransportUnit values(672, 24428, 0.52);
INSERT into TransportUnit values(718, 24575, 0.52);
INSERT into TransportUnit values(642, 24286, 0.52);
INSERT into TransportUnit values(090, 50415, 2.00);
INSERT into TransportUnit values(966, 15371, 1.52);
INSERT into TransportUnit values(075, 15553, 3.26);
INSERT into TransportUnit values(676, 24550, 0.52);
INSERT into TransportUnit values(404, 23765, 5.84);
INSERT into TransportUnit values(498, 15544, 1.00);
INSERT into TransportUnit values(032, 25646, 2.00);
INSERT into TransportUnit values(245, 22213, 2.00);
INSERT into TransportUnit values(713, 27080, 0.52);
INSERT into TransportUnit values(887, 13261, 2.54);
INSERT into TransportUnit values(755, 27058, 1.00);
INSERT into TransportUnit values(482, 14385, 3.68);
INSERT into TransportUnit values(813, 72650, 2.91);
INSERT into TransportUnit values(773, 21168, 3.30);
INSERT into TransportUnit values(4432651, 2392, 0.52);
INSERT into TransportUnit values(791, 16681, 3.20);
INSERT into TransportUnit values(710, 24586, 0.52);
INSERT into TransportUnit values(763, 15594, 15.90);
INSERT into TransportUnit values(183, 20143, 4.26);
INSERT into TransportUnit values(022, 27352, 1.81);
INSERT into TransportUnit values(501, 26691, 1.00);
INSERT into TransportUnit values(698, 24611, 0.52);
INSERT into TransportUnit values(429, 5211, 2.84);
INSERT into TransportUnit values(402, 11091, 3.26);
INSERT into TransportUnit values(633, 23715, 1.52);
INSERT into TransportUnit values(903, 25701, 10.09);
INSERT into TransportUnit values(847, 21531, 8.84);
INSERT into TransportUnit values(155, 25781, 1.42);
INSERT into TransportUnit values(042, 26826, 0.52);
INSERT into TransportUnit values(177, 54521, 7.55);
INSERT into TransportUnit values(616, 27553, 1.00);
INSERT into TransportUnit values(035, 26842, 1.52);
INSERT into TransportUnit values(891, 5609, 1.52);
INSERT into TransportUnit values(681, 24616, 0.52);
INSERT into TransportUnit values(723, 24619, 0.52);
INSERT into TransportUnit values(634, 24589, 0.52);
INSERT into TransportUnit values(898, 12696, 2.84);
INSERT into TransportUnit values(897, 14393, 3.26);
INSERT into TransportUnit values(625, 21487, 2.00);
INSERT into TransportUnit values(036, 27156, 1.52);
INSERT into TransportUnit values(151, 80586, 11.18);
INSERT into TransportUnit values(768, 26813, 0.52);
INSERT into TransportUnit values(978, 50483, 1.52);
INSERT into TransportUnit values(4489041, 24914, 1.54);
INSERT into TransportUnit values(074, 22455, 2.04);
INSERT into TransportUnit values(330, 26148, 2.19);
INSERT into TransportUnit values(952, 60114, 2.42);
INSERT into TransportUnit values(527, 7591, 3.94);
INSERT into TransportUnit values(293, 23800, 2.42);
INSERT into TransportUnit values(224, 15531, 3.36);
INSERT into TransportUnit values(424, 21252, 5.26);
INSERT into TransportUnit values(416, 25879, 1.52);
INSERT into TransportUnit values(096, 27007, 3.26);
INSERT into TransportUnit values(901, 27336, 4.36);
INSERT into TransportUnit values(025, 26665, 1.94);
INSERT into TransportUnit values(433, 26472, 10.47);
INSERT into TransportUnit values(766, 21620, 3.52);
INSERT into TransportUnit values(186, 21257, 2.00);
INSERT into TransportUnit values(262, 27201, 2.54);
INSERT into TransportUnit values(638, 14830, 2.42);
INSERT into TransportUnit values(331, 12542, 1.52);
INSERT into TransportUnit values(914, 83178, 3.45);
INSERT into TransportUnit values(007, 23460, 2.42);
INSERT into TransportUnit values(444, 7235, 0.52);
INSERT into TransportUnit values(656, 23880, 0.52);
INSERT into TransportUnit values(194, 60035, 13.68);
INSERT into TransportUnit values(389, 26144, 7.93);
INSERT into TransportUnit values(917, 27385, 1.42);
INSERT into TransportUnit values(078, 23596, 1.52);
INSERT into TransportUnit values(623, 10598, 15.14);
INSERT into TransportUnit values(098, 13281, 4.85);
INSERT into TransportUnit values(146, 5058, 1.52);
INSERT into TransportUnit values(965, 27021, 1.94);
INSERT into TransportUnit values(971, 14377, 3.26);
INSERT into TransportUnit values(030, 7185, 1.00);
INSERT into TransportUnit values(092, 26824, 1.00);
INSERT into TransportUnit values(991, 26058, 3.06);
INSERT into TransportUnit values(199, 21905, 1.00);
INSERT into TransportUnit values(426, 21254, 2.52);
INSERT into TransportUnit values(018, 27368, 2.00);
INSERT into TransportUnit values(997, 14367, 3.26);
INSERT into TransportUnit values(630, 27112, 0.52);
INSERT into TransportUnit values(089, 2716, 1.52);
INSERT into TransportUnit values(016, 14571, 2.93);
INSERT into TransportUnit values(854, 27345, 2.81);
INSERT into TransportUnit values(432, 74116, 2.00);
INSERT into TransportUnit values(360, 21808, 2.00);
INSERT into TransportUnit values(961, 25794, 1.52);
INSERT into TransportUnit values(722, 24596, 0.52);
INSERT into TransportUnit values(492, 12701, 0.52);
INSERT into TransportUnit values(161, 13467, 1.00);
INSERT into TransportUnit values(893, 16178, 1.94);
INSERT into TransportUnit values(147, 25533, 1.04);
INSERT into TransportUnit values(215, 4528, 3.78);
INSERT into TransportUnit values(513, 3251, 2.00);
INSERT into TransportUnit values(409, 21437, 2.84);
INSERT into TransportUnit values(464, 25914, 1.00);
INSERT into TransportUnit values(408, 14382, 2.52);
INSERT into TransportUnit values(821, 7200, 0.52);
INSERT into TransportUnit values(289, 21846, 6.62);
INSERT into TransportUnit values(413, 23632, 3.68);
INSERT into TransportUnit values(647, 14418, 2.78);
INSERT into TransportUnit values(704, 24576, 0.52);
INSERT into TransportUnit values(453, 27324, 1.00);
INSERT into TransportUnit values(181, 27576, 1.00);
INSERT into TransportUnit values(715, 24429, 0.52);
INSERT into TransportUnit values(618, 22840, 4.62);
INSERT into TransportUnit values(275, 50983, 6.33);
INSERT into TransportUnit values(029, 25893, 1.94);
INSERT into TransportUnit values(693, 23551, 1.52);
INSERT into TransportUnit values(436, 5285, 2.00);
INSERT into TransportUnit values(742, 2364, 2.00);
INSERT into TransportUnit values(287, 27210, 2.00);
INSERT into TransportUnit values(516, 11736, 1.94);
INSERT into TransportUnit values(842, 25535, 2.00);
INSERT into TransportUnit values(666, 24584, 0.52);
INSERT into TransportUnit values(169, 21689, 4.45);
INSERT into TransportUnit values(489, 5403, 0.52);
INSERT into TransportUnit values(714, 24422, 0.52);
INSERT into TransportUnit values(023, 5139, 1.52);
INSERT into TransportUnit values(876, 26800, 1.42);
INSERT into TransportUnit values(021, 2052, 4.84);
INSERT into TransportUnit values(779, 21541, 1.52);
INSERT into TransportUnit values(920, 15361, 2.42);
INSERT into TransportUnit values(116, 22751, 1.00);
INSERT into TransportUnit values(106, 25344, 1.52);
INSERT into TransportUnit values(514, 27015, 1.00);
INSERT into TransportUnit values(463, 27355, 1.42);
INSERT into TransportUnit values(833, 5209, 2.42);
INSERT into TransportUnit values(115, 21503, 2.00);
INSERT into TransportUnit values(254, 21775, 3.42);
INSERT into TransportUnit values(232, 21907, 4.85);
INSERT into TransportUnit values(076, 7494, 2.00);
INSERT into TransportUnit values(008, 23581, 3.42);
INSERT into TransportUnit values(980, 7430, 1.00);
INSERT into TransportUnit values(905, 25968, 2.94);
INSERT into TransportUnit values(430, 21625, 1.00);
INSERT into TransportUnit values(241, 71997, 3.31);
INSERT into TransportUnit values(265, 26823, 0.52);
INSERT into TransportUnit values(352, 26798, 1.00);
INSERT into TransportUnit values(124, 27343, 1.00);
INSERT into TransportUnit values(4295399, 7487, 1.00);
INSERT into TransportUnit values(864, 72950, 1.00);
INSERT into TransportUnit values(378, 73825, 2.43);
INSERT into TransportUnit values(280, 26664, 0.52);
INSERT into TransportUnit values(994, 21468, 1.00);
INSERT into TransportUnit values(628, 24577, 0.52);
INSERT into TransportUnit values(784, 12692, 2.94);
INSERT into TransportUnit values(038, 12695, 2.00);
INSERT into TransportUnit values(881, 26827, 2.00);
INSERT into TransportUnit values(493, 25963, 5.50);
INSERT into TransportUnit values(256, 4538, 2.46);
INSERT into TransportUnit values(653, 24610, 0.52);
INSERT into TransportUnit values(732, 7490, 0.52);
INSERT into TransportUnit values(886, 23080, 2.84);
INSERT into TransportUnit values(657, 24630, 0.52);
INSERT into TransportUnit values(769, 21394, 19.33);
INSERT into TransportUnit values(799, 16678, 3.42);
INSERT into TransportUnit values(051, 27388, 1.52);
INSERT into TransportUnit values(495, 73868, 1.94);
INSERT into TransportUnit values(168, 52845, 2.06);
INSERT into TransportUnit values(420, 23766, 2.00);
INSERT into TransportUnit values(518, 5206, 2.00);
INSERT into TransportUnit values(692, 24382, 0.52);
INSERT into TransportUnit values(108, 11618, 1.52);
INSERT into TransportUnit values(860, 23594, 0.52);
INSERT into TransportUnit values(951, 11854, 1.00);
INSERT into TransportUnit values(084, 23577, 1.52);
INSERT into TransportUnit values(737, 24606, 0.52);
INSERT into TransportUnit values(916, 5056, 1.00);
INSERT into TransportUnit values(201, 60023, 4.20);
INSERT into TransportUnit values(648, 14390, 3.26);
INSERT into TransportUnit values(870, 16182, 5.62);
INSERT into TransportUnit values(874, 50488, 2.00);
INSERT into TransportUnit values(830, 25839, 2.52);
INSERT into TransportUnit values(221, 4536, 2.00);
INSERT into TransportUnit values(270, 72387, 12.95);
INSERT into TransportUnit values(202, 736, 4.68);
INSERT into TransportUnit values(110, 27386, 2.42);
INSERT into TransportUnit values(484, 13496, 2.54);
INSERT into TransportUnit values(512, 25598, 1.00);
INSERT into TransportUnit values(851, 23592, 1.00);
INSERT into TransportUnit values(846, 27378, 1.00);
INSERT into TransportUnit values(740, 50470, 1.52);
INSERT into TransportUnit values(506, 4544, 2.36);
INSERT into TransportUnit values(421, 18889, 1.00);
INSERT into TransportUnit values(443, 27022, 2.84);
INSERT into TransportUnit values(655, 27265, 3.26);
INSERT into TransportUnit values(928, 7090, 0.52);
INSERT into TransportUnit values(911, 2763, 2.94);
INSERT into TransportUnit values(708, 50431, 1.52);
INSERT into TransportUnit values(350, 4066, 1.00);
INSERT into TransportUnit values(735, 5192, 1.00);
INSERT into TransportUnit values(091, 15521, 1.00);
INSERT into TransportUnit values(011, 21045, 1.52);
INSERT into TransportUnit values(028, 26943, 3.00);
INSERT into TransportUnit values(845, 2302, 1.52);
INSERT into TransportUnit values(184, 11332, 5.13);
INSERT into TransportUnit values(214, 11582, 2.00);
INSERT into TransportUnit values(065, 7491, 1.52);
INSERT into TransportUnit values(932, 27335, 1.94);
INSERT into TransportUnit values(536, 23078, 1.00);
INSERT into TransportUnit values(284, 4557, 2.84);
INSERT into TransportUnit values(705, 24350, 0.52);
INSERT into TransportUnit values(058, 23696, 3.42);
INSERT into TransportUnit values(321, 28758, 7.78);
INSERT into TransportUnit values(738, 27045, 4.00);
INSERT into TransportUnit values(100, 27164, 1.00);
INSERT into TransportUnit values(368, 27061, 1.00);
INSERT into TransportUnit values(500, 23004, 2.78);
INSERT into TransportUnit values(802, 13109, 1.00);
INSERT into TransportUnit values(411, 26481, 12.01);
INSERT into TransportUnit values(396, 25791, 14.71);
INSERT into TransportUnit values(048, 26830, 1.00);
INSERT into TransportUnit values(731, 24384, 0.52);
INSERT into TransportUnit values(523, 27212, 2.84);
INSERT into TransportUnit values(520, 4618, 2.84);
INSERT into TransportUnit values(342, 22328, 1.00);
INSERT into TransportUnit values(220, 23516, 1.54);
INSERT into TransportUnit values(361, 21488, 1.91);
INSERT into TransportUnit values(540, 21654, 0.52);
INSERT into TransportUnit values(234, 13486, 2.58);
INSERT into TransportUnit values(136, 27361, 2.39);
INSERT into TransportUnit values(636, 24599, 0.52);
INSERT into TransportUnit values(716, 24356, 0.52);
INSERT into TransportUnit values(871, 26805, 1.52);
INSERT into TransportUnit values(285, 27160, 0.52);
INSERT into TransportUnit values(281, 60145, 2.00);
INSERT into TransportUnit values(166, 5202, 3.00);
INSERT into TransportUnit values(651, 50988, 2.26);
INSERT into TransportUnit values(204, 21353, 2.00);
INSERT into TransportUnit values(867, 26995, 3.42);
INSERT into TransportUnit values(099, 25960, 2.42);
INSERT into TransportUnit values(043, 27333, 1.42);
INSERT into TransportUnit values(652, 24617, 0.52);
INSERT into TransportUnit values(4322221, 27659, 2.00);
INSERT into TransportUnit values(4464895, 11666, 3.08);
INSERT into TransportUnit values(890, 24564, 0.52);
INSERT into TransportUnit values(440, 21966, 1.04);
INSERT into TransportUnit values(798, 14465, 4.42);
INSERT into TransportUnit values(298, 26463, 12.18);
INSERT into TransportUnit values(4653939, 22687, 1.81);
INSERT into TransportUnit values(446, 25669, 1.00);
INSERT into TransportUnit values(273, 14303, 2.00);
INSERT into TransportUnit values(138, 27364, 1.42);
INSERT into TransportUnit values(664, 18888, 1.94);
INSERT into TransportUnit values(943, 21217, 0.52);
INSERT into TransportUnit values(720, 14379, 5.10);
INSERT into TransportUnit values(665, 24613, 0.52);
INSERT into TransportUnit values(929, 52211, 5.27);
INSERT into TransportUnit values(712, 25597, 1.52);
INSERT into TransportUnit values(922, 21919, 1.00);
INSERT into TransportUnit values(872, 20937, 2.84);
INSERT into TransportUnit values(251, 24986, 4.42);
INSERT into TransportUnit values(622, 23105, 10.00);
INSERT into TransportUnit values(691, 24277, 0.52);
INSERT into TransportUnit values(837, 14907, 1.84);
INSERT into TransportUnit values(730, 24379, 0.52);
INSERT into TransportUnit values(765, 21787, 2.00);
INSERT into TransportUnit values(323, 13850, 3.06);
INSERT into TransportUnit values(088, 14384, 6.46);
INSERT into TransportUnit values(020, 5322, 1.00);
INSERT into TransportUnit values(4306075, 24308, 1.00);
INSERT into TransportUnit values(509, 27154, 3.42);
INSERT into TransportUnit values(437, 26666, 1.52);
INSERT into TransportUnit values(926, 25969, 2.42);
INSERT into TransportUnit values(142, 21875, 8.14);
INSERT into TransportUnit values(237, 21490, 3.00);
INSERT into TransportUnit values(934, 26891, 1.00);
INSERT into TransportUnit values(026, 2318, 1.52);
INSERT into TransportUnit values(132, 25588, 2.42);
INSERT into TransportUnit values(061, 14428, 1.00);
INSERT into TransportUnit values(064, 14426, 1.94);
INSERT into TransportUnit values(987, 73795, 2.52);
INSERT into TransportUnit values(316, 26896, 4.36);
INSERT into TransportUnit values(004, 83360, 3.54);
INSERT into TransportUnit values(960, 7175, 2.00);
INSERT into TransportUnit values(338, 13804, 1.04);
INSERT into TransportUnit values(422, 25886, 1.00);
INSERT into TransportUnit values(371, 4064, 2.42);
INSERT into TransportUnit values(121, 21804, 1.00);
INSERT into TransportUnit values(111, 2686, 2.00);
INSERT into TransportUnit values(362, 12385, 1.52);
INSERT into TransportUnit values(976, 60880, 2.04);
INSERT into TransportUnit values(998, 25888, 2.00);
INSERT into TransportUnit values(983, 50481, 2.00);
INSERT into TransportUnit values(972, 25491, 9.22);
INSERT into TransportUnit values(300, 7360, 2.00);
INSERT into TransportUnit values(990, 27365, 2.00);
INSERT into TransportUnit values(003, 21687, 3.26);
INSERT into TransportUnit values(912, 25852, 14.75);
INSERT into TransportUnit values(479, 14386, 5.36);
INSERT into TransportUnit values(921, 25705, 1.00);
INSERT into TransportUnit values(942, 24421, 0.52);
INSERT into TransportUnit values(332, 83189, 4.47);
INSERT into TransportUnit values(724, 24620, 0.52);
INSERT into TransportUnit values(683, 24614, 0.52);
INSERT into TransportUnit values(333, 5415, 0.52);
INSERT into TransportUnit values(054, 27470, 0.52);
INSERT into TransportUnit values(401, 52330, 4.78);
INSERT into TransportUnit values(981, 73793, 1.00);
INSERT into TransportUnit values(127, 26033, 2.42);
INSERT into TransportUnit values(909, 21589, 2.00);
INSERT into TransportUnit values(310, 60025, 4.84);
INSERT into TransportUnit values(343, 21522, 2.52);
INSERT into TransportUnit values(696, 27571, 1.00);
INSERT into TransportUnit values(632, 14405, 3.84);
INSERT into TransportUnit values(753, 10914, 2.84);
INSERT into TransportUnit values(103, 25972, 3.75);
INSERT into TransportUnit values(843, 13743, 1.00);
INSERT into TransportUnit values(393, 50986, 1.52);
INSERT into TransportUnit values(157, 24947, 7.72);
INSERT into TransportUnit values(239, 73890, 2.46);
INSERT into TransportUnit values(198, 701, 3.68);
INSERT into TransportUnit values(068, 13422, 0.52);
INSERT into TransportUnit values(277, 21904, 1.52);
INSERT into TransportUnit values(478, 27012, 1.42);
INSERT into TransportUnit values(986, 23109, 1.00);
INSERT into TransportUnit values(476, 5124, 1.00);
INSERT into TransportUnit values(134, 25965, 19.11);
INSERT into TransportUnit values(644, 24372, 1.00);
INSERT into TransportUnit values(230, 72996, 4.99);
INSERT into TransportUnit values(488, 25697, 1.00);
INSERT into TransportUnit values(675, 24352, 0.52);
INSERT into TransportUnit values(066, 72209, 2.54);
INSERT into TransportUnit values(467, 26188, 2.84);
INSERT into TransportUnit values(046, 5561, 1.52);
INSERT into TransportUnit values(810, 2394, 6.94);
INSERT into TransportUnit values(888, 5279, 3.39);
INSERT into TransportUnit values(328, 25962, 2.00);
INSERT into TransportUnit values(400, 26796, 1.00);
INSERT into TransportUnit values(880, 2754, 1.52);
INSERT into TransportUnit values(918, 27370, 1.00);
INSERT into TransportUnit values(497, 3101, 1.52);
INSERT into TransportUnit values(750, 2465, 3.42);
INSERT into TransportUnit values(267, 8119, 2.04);
INSERT into TransportUnit values(314, 22613, 2.52);
INSERT into TransportUnit values(355, 50461, 1.00);
INSERT into TransportUnit values(832, 16682, 4.68);
INSERT into TransportUnit values(933, 2246, 2.52);
INSERT into TransportUnit values(759, 21318, 1.52);
INSERT into TransportUnit values(226, 2747, 1.52);
INSERT into TransportUnit values(150, 12716, 1.42);
INSERT into TransportUnit values(480, 22542, 8.84);
INSERT into TransportUnit values(320, 14397, 2.42);
INSERT into TransportUnit values(449, 21492, 1.52);
INSERT into TransportUnit values(702, 24288, 0.52);
INSERT into TransportUnit values(859, 22523, 1.52);
INSERT into TransportUnit values(795, 25665, 2.00);
INSERT into TransportUnit values(158, 790, 16.32);
INSERT into TransportUnit values(863, 5713, 2.52);
INSERT into TransportUnit values(070, 13316, 1.00);
INSERT into TransportUnit values(741, 15180, 1.00);
INSERT into TransportUnit values(417, 22282, 1.00);
INSERT into TransportUnit values(902, 2458, 1.00);
INSERT into TransportUnit values(276, 22859, 3.36);
INSERT into TransportUnit values(047, 14419, 2.78);
INSERT into TransportUnit values(669, 20142, 2.00);
INSERT into TransportUnit values(126, 73968, 2.00);
INSERT into TransportUnit values(340, 26861, 3.52);
INSERT into TransportUnit values(000, 25971, 16.00);
INSERT into TransportUnit values(964, 60139, 2.42);
INSERT into TransportUnit values(537, 27358, 1.00);
INSERT into TransportUnit values(687, 24424, 0.52);
INSERT into TransportUnit values(945, 73866, 2.00);
INSERT into TransportUnit values(303, 5679, 1.00);
INSERT into TransportUnit values(762, 27328, 1.52);
INSERT into TransportUnit values(619, 72765, 12.00);
INSERT into TransportUnit values(803, 2113, 1.94);
INSERT into TransportUnit values(496, 14461, 7.94);
INSERT into TransportUnit values(963, 5630, 1.00);
INSERT into TransportUnit values(725, 24416, 0.52);
INSERT into TransportUnit values(993, 23074, 1.52);
INSERT into TransportUnit values(749, 27374, 1.52);
INSERT into TransportUnit values(468, 26445, 1.00);
INSERT into TransportUnit values(255, 21294, 0.52);
INSERT into TransportUnit values(807, 11622, 2.00);
INSERT into TransportUnit values(386, 15262, 3.26);
INSERT into TransportUnit values(067, 21402, 1.00);
INSERT into TransportUnit values(707, 23764, 3.78);
INSERT into TransportUnit values(879, 27381, 1.46);
INSERT into TransportUnit values(033, 7194, 1.00);
INSERT into TransportUnit values(682, 24605, 0.52);
INSERT into TransportUnit values(836, 14370, 3.36);
INSERT into TransportUnit values(781, 5436, 1.94);
INSERT into TransportUnit values(853, 11741, 2.52);
INSERT into TransportUnit values(041, 27116, 19.10);
INSERT into TransportUnit values(139, 22548, 1.52);
INSERT into TransportUnit values(968, 52182, 2.00);
INSERT into TransportUnit values(505, 13453, 1.00);
INSERT into TransportUnit values(458, 5208, 2.78);
INSERT into TransportUnit values(3808061, 22739, 4.62);
INSERT into TransportUnit values(530, 14389, 3.26);
INSERT into TransportUnit values(973, 27371, 1.00);
INSERT into TransportUnit values(351, 26457, 1.00);
INSERT into TransportUnit values(454, 2681, 1.52);
INSERT into TransportUnit values(992, 7095, 2.94);
INSERT into TransportUnit values(910, 22906, 1.00);
INSERT into TransportUnit values(667, 24591, 0.52);
INSERT into TransportUnit values(678, 14666, 1.52);
INSERT into TransportUnit values(473, 23521, 13.94);
INSERT into TransportUnit values(410, 2849, 1.04);
INSERT into TransportUnit values(450, 21339, 1.52);
INSERT into TransportUnit values(541, 22557, 1.00);
INSERT into TransportUnit values(782, 7198, 1.00);
INSERT into TransportUnit values(695, 14462, 3.26);
INSERT into TransportUnit values(465, 13425, 6.14);
INSERT into TransportUnit values(641, 24291, 0.52);
INSERT into TransportUnit values(785, 24412, 1.00);
INSERT into TransportUnit values(524, 13979, 1.00);
INSERT into TransportUnit values(680, 21505, 2.04);
INSERT into TransportUnit values(156, 12782, 2.00);
INSERT into TransportUnit values(123, 7065, 1.00);
INSERT into TransportUnit values(203, 14602, 3.59);
INSERT into TransportUnit values(261, 13352, 1.52);
INSERT into TransportUnit values(080, 27332, 1.42);
INSERT into TransportUnit values(367, 25563, 3.42);
INSERT into TransportUnit values(130, 13255, 1.52);
INSERT into TransportUnit values(852, 23403, 1.52);
INSERT into TransportUnit values(229, 26799, 0.52);
INSERT into TransportUnit values(999, 7091, 1.00);
INSERT into TransportUnit values(162, 13380, 1.52);
INSERT into TransportUnit values(831, 21076, 1.52);
INSERT into TransportUnit values(515, 16759, 1.94);
INSERT into TransportUnit values(398, 60965, 2.42);
INSERT into TransportUnit values(207, 2921, 2.00);
INSERT into TransportUnit values(145, 54715, 1.94);
INSERT into TransportUnit values(348, 26107, 0.52);
INSERT into TransportUnit values(996, 21250, 3.00);
INSERT into TransportUnit values(085, 26947, 1.52);
INSERT into TransportUnit values(457, 21532, 3.00);
INSERT into TransportUnit values(923, 50486, 0.52);
INSERT into TransportUnit values(858, 60134, 2.84);
INSERT into TransportUnit values(191, 14608, 2.00);
INSERT into TransportUnit values(369, 22568, 2.84);
INSERT into TransportUnit values(848, 2100, 0.52);
INSERT into TransportUnit values(052, 26209, 2.39);
INSERT into TransportUnit values(163, 14890, 8.37);
INSERT into TransportUnit values(081, 26839, 1.00);
INSERT into TransportUnit values(767, 52471, 2.00);
INSERT into TransportUnit values(626, 24413, 0.52);
INSERT into TransportUnit values(542, 52233, 10.54);
INSERT into TransportUnit values(950, 14365, 1.52);
INSERT into TransportUnit values(828, 73820, 1.00);
INSERT into TransportUnit values(919, 21325, 2.04);
INSERT into TransportUnit values(366, 21296, 1.00);
INSERT into TransportUnit values(839, 16785, 6.01);
INSERT into TransportUnit values(397, 50421, 0.52);
INSERT into TransportUnit values(946, 50485, 2.00);
INSERT into TransportUnit values(344, 21251, 3.84);
INSERT into TransportUnit values(805, 72384, 1.52);
INSERT into TransportUnit values(375, 26845, 1.00);
INSERT into TransportUnit values(975, 25523, 1.52);
INSERT into TransportUnit values(643, 24634, 0.52);
INSERT into TransportUnit values(783, 27375, 0.52);
INSERT into TransportUnit values(307, 13308, 1.00);
INSERT into TransportUnit values(379, 21489, 6.39);
INSERT into TransportUnit values(875, 5440, 2.78);
INSERT into TransportUnit values(892, 7287, 2.94);
INSERT into TransportUnit values(663, 14463, 2.84);
INSERT into TransportUnit values(674, 24358, 0.52);
INSERT into TransportUnit values(290, 14466, 4.78);
INSERT into TransportUnit values(944, 13595, 3.42);
INSERT into TransportUnit values(301, 60091, 4.52);
INSERT into TransportUnit values(447, 23427, 1.00);
INSERT into TransportUnit values(925, 26147, 2.36);
INSERT into TransportUnit values(814, 5384, 2.00);
INSERT into TransportUnit values(771, 25599, 1.52);
INSERT into TransportUnit values(984, 21975, 5.55);
INSERT into TransportUnit values(231, 26136, 9.47);
INSERT into TransportUnit values(060, 27305, 1.52);
INSERT into TransportUnit values(758, 22643, 1.00);
INSERT into TransportUnit values(264, 25956, 3.94);
INSERT into TransportUnit values(247, 13303, 1.00);
INSERT into TransportUnit values(339, 23448, 1.00);
INSERT into TransportUnit values(049, 26806, 2.52);
INSERT into TransportUnit values(671, 24419, 0.52);
INSERT into TransportUnit values(977, 23392, 2.94);
INSERT into TransportUnit values(958, 72954, 1.00);
INSERT into TransportUnit values(699, 24604, 0.52);
INSERT into TransportUnit values(101, 5601, 1.00);
INSERT into TransportUnit values(812, 60105, 1.00);
INSERT into TransportUnit values(793, 21701, 1.94);
INSERT into TransportUnit values(313, 3223, 1.78);
INSERT into TransportUnit values(219, 12671, 10.63);
INSERT into TransportUnit values(677, 24282, 0.52);
INSERT into TransportUnit values(034, 71069, 2.33);
INSERT into TransportUnit values(526, 60232, 1.04);
INSERT into TransportUnit values(877, 13306, 1.00);
INSERT into TransportUnit values(118, 14855, 1.52);
INSERT into TransportUnit values(069, 14413, 2.84);
INSERT into TransportUnit values(329, 27574, 1.00);
INSERT into TransportUnit values(955, 2773, 1.52);
INSERT into TransportUnit values(114, 25994, 1.52);
INSERT into TransportUnit values(406, 4546, 2.00);
INSERT into TransportUnit values(962, 21670, 1.00);
INSERT into TransportUnit values(206, 25970, 3.31);
INSERT into TransportUnit values(308, 15196, 3.46);
INSERT into TransportUnit values(4693742, 21215, 0.52);
INSERT into TransportUnit values(904, 72816, 2.00);
INSERT into TransportUnit values(817, 21965, 4.60);
INSERT into TransportUnit values(442, 23762, 6.14);
INSERT into TransportUnit values(370, 26429, 7.93);
INSERT into TransportUnit values(093, 14420, 4.68);
INSERT into TransportUnit values(658, 24578, 0.52);
INSERT into TransportUnit values(819, 5646, 2.00);
INSERT into TransportUnit values(282, 23693, 4.47);
INSERT into TransportUnit values(620, 15011, 15.82);
INSERT into TransportUnit values(746, 16670, 1.00);
INSERT into TransportUnit values(654, 24600, 0.52);
INSERT into TransportUnit values(017, 25989, 1.94);
INSERT into TransportUnit values(809, 5439, 2.00);
INSERT into TransportUnit values(726, 24425, 0.52);
INSERT into TransportUnit values(790, 14554, 2.36);
INSERT into TransportUnit values(483, 21858, 4.08);
INSERT into TransportUnit values(635, 24588, 0.52);
INSERT into TransportUnit values(835, 23795, 1.84);
INSERT into TransportUnit values(218, 60147, 2.52);
INSERT into TransportUnit values(149, 13556, 2.00);
INSERT into TransportUnit values(930, 26462, 6.83);
INSERT into TransportUnit values(208, 2704, 1.52);
INSERT into TransportUnit values(435, 13397, 1.00);
INSERT into TransportUnit values(094, 12625, 4.08);
INSERT into TransportUnit values(639, 21506, 2.00);
INSERT into TransportUnit values(947, 50480, 1.00);
INSERT into TransportUnit values(865, 83363, 2.00);
INSERT into TransportUnit values(967, 11762, 2.77);
INSERT into TransportUnit values(850, 27367, 2.00);
INSERT into TransportUnit values(140, 25584, 2.84);
INSERT into TransportUnit values(227, 27639, 3.54);
INSERT into TransportUnit values(385, 10515, 4.85);
INSERT into TransportUnit values(383, 25877, 1.52);
INSERT into TransportUnit values(039, 2679, 2.00);
INSERT into TransportUnit values(808, 14369, 6.94);
INSERT into TransportUnit values(889, 5162, 2.00);
INSERT into TransportUnit values(937, 13451, 1.00);
INSERT into TransportUnit values(747, 15833, 1.77);
INSERT into TransportUnit values(196, 22540, 4.08);
INSERT into TransportUnit values(659, 24380, 0.52);
INSERT into TransportUnit values(744, 25991, 1.52);
INSERT into TransportUnit values(728, 24289, 0.52);
INSERT into TransportUnit values(684, 23511, 1.00);
INSERT into TransportUnit values(190, 23733, 7.62);
INSERT into TransportUnit values(427, 21528, 1.00);
INSERT into TransportUnit values(193, 21967, 1.00);
INSERT into TransportUnit values(082, 27309, 2.42);
INSERT into TransportUnit values(057, 25722, 2.00);
INSERT into TransportUnit values(363, 50491, 1.52);
INSERT into TransportUnit values(941, 52735, 1.56);
INSERT into TransportUnit values(302, 60146, 3.26);
INSERT into TransportUnit values(364, 27314, 2.00);
INSERT into TransportUnit values(278, 26817, 2.42);
INSERT into TransportUnit values(356, 25966, 5.50);
INSERT into TransportUnit values(056, 14407, 2.00);
INSERT into TransportUnit values(455, 21658, 4.49);
INSERT into TransportUnit values(390, 15966, 3.26);
INSERT into TransportUnit values(160, 791, 19.40);
INSERT into TransportUnit values(372, 14421, 3.84);
INSERT into TransportUnit values(894, 2104, 3.42);
INSERT into TransportUnit values(829, 14460, 2.84);
INSERT into TransportUnit values(189, 26807, 2.00);
INSERT into TransportUnit values(907, 5458, 2.00);
INSERT into TransportUnit values(317, 60066, 6.10);
INSERT into TransportUnit values(703, 24290, 0.52);
INSERT into TransportUnit values(679, 14847, 21.62);
INSERT into TransportUnit values(668, 24603, 0.52);
INSERT into TransportUnit values(212, 11113, 19.80);
INSERT into TransportUnit values(438, 11777, 1.52);
INSERT into TransportUnit values(789, 14368, 2.42);
INSERT into TransportUnit values(376, 15961, 1.52);
INSERT into TransportUnit values(466, 26811, 1.00);
INSERT into TransportUnit values(510, 27196, 2.78);
INSERT into TransportUnit values(823, 7346, 1.00);
INSERT into TransportUnit values(988, 21520, 2.52);
